site_code,ws_area_ha,lat,long
023432415,1932140,31.62138889,-85.06
02397530,1129758,34.20176124,-85.447458
02419890,1203314,32.43985898,-86.1955222
02423130,5102.3,33.62232504,-86.599431
02423160,13157.199999999999,33.60371416,-86.5491517
02423380,36260,33.4817724,-86.7127653
02423397,4403,33.53454886,-86.5624847
02423496,58534,33.3692767,-86.7841551
0242354650,3703.7000000000003,33.3449441,-86.7594183
02423571,2450.1400000000003,33.52093809,-86.7169325
02423586,7018.9000000000005,33.4487185,-86.8136007
02455980,7096.5999999999995,33.71121273,-86.6961013
02457595,13442.1,33.5970492,-86.8680483
02458148,1061.8999999999999,33.5770483,-86.7188778
02458450,8676.5,33.5176059,-86.8791584
02458502,9505.300000000001,33.5239948,-86.8911032
02461130,1813,33.5057722,-86.8364556
02461192,3502.716,33.4926111,-86.8721722
02461405,7770,33.4256647,-86.9527705
15008000,27713,56.025815,-130.0669823
15015595,192955,56.2402062,-130.8819864
15024800,5084170,56.70772188,-132.1319653
15041200,1683500,58.53829828,-133.7017432
15129120,2849000,59.1928056,-138.3339167
15209700,91168,61.43372656,-142.9426256
15236900,2434.6,60.36995858,-148.8987624
15298040,287490,60.2036591,-154.7044349
15304010,85470,61.8893006,-158.156842
09380000,28956200,36.8643333,-111.5878722
07047932,47397,35.4736935,-90.7903915
07047942,138565,35.1447222,-90.8780556
07048495,3056.2000000000003,36.0432583,-94.1360222
07048550,31857,36.05388889,-94.0830556
07048600,103600,36.07305556,-94.0811111
07049000,68117,36.2,-93.855
07055814,23284.100000000002,35.97896536,-93.0435069
07075250,12328.4,35.54705,-92.7076667
07075270,19347.3,35.5697222,-92.6219444
07077380,181559,35.8575,-90.9330556
07077500,269360,35.2697222,-91.2363889
07194880,8987.300000000001,36.2814662,-94.2279838
07194933,9065,36.24377778,-94.2391389
07257500,62419,35.46638889,-93.0411111
07263296,18907,34.87888889,-92.6855556
072632966,23154.600000000002,34.87527778,-92.6538889
07264000,53613,34.73666667,-91.9158333
07264200,39109,34.77898018,-91.7662462
07264500,148666,34.45426349,-91.61624
07364130,25692.8,33.963125,-91.6924472
07364133,98420,33.86638889,-91.6561111
09429490,48821500,32.8849361,-114.468111
10260500,34706,34.34305858,-117.2264316
10260950,18207.7,34.33889196,-117.2578213
10261500,132867,34.57304916,-117.3206018
10265150,17689.7,37.66882166,-118.8176312
10343500,2719.5,39.43157246,-120.2379793
11044000,152292,33.4739175,-117.1422536
11046062,414.40000000000003,33.25055556,-117.4313889
11046072,2380.21,33.26444444,-117.4422222
11046102,6993,33.29055556,-117.465
11046252,10981.6,33.38138889,-117.578611
11046372,36001,33.38666667,-117.5938889
11074000,584822,33.88334875,-117.6453296
11092450,40922,34.16167247,-118.466749
11125600,626.78,34.58221109,-119.9826419
11125605,626.78,34.58388889,-119.985
11126000,109298,34.5891552,-119.9887532
11126400,111370,34.58915474,-120.0301435
11128500,149961,34.58498706,-120.1445926
11133000,204351,34.63609474,-120.424606
11173200,19968.899999999998,37.46160337,-121.769397
11176900,104377,37.62659915,-121.8830126
11203580,5205.9000000000005,36.04828125,-118.6542556
11204100,24812.2,36.024116480000004,-118.8134258
11251000,434084,36.98439397,-119.7243124
11254000,1020460,36.8105046,-120.3782256
11261500,1972285,37.3099386,-120.9310369
11273400,2058791,37.3472151,-120.9761777
11274500,34706,37.31549247,-121.1252081
11274550,2510746,37.43218889,-121.0133444
11274790,77959,37.9165884,-119.6598938
11285500,328153,37.8783333,-120.2947222
11290000,487956,37.627153,-120.9843777
11303000,278425,37.72965078,-121.1104934
11425500,5504009,38.77434584,-121.5982928
11453590,10463.6,38.6469722,-122.365825
11458370,108780,38.1110306,-122.2746929
11458433,3703.7000000000003,38.4188004,-122.5627606
11461500,23879.8,39.24655605,-123.1302806
11462500,93758,39.02656314,-123.1305588
11463682,177156,38.65824247,-122.8294376
11463980,204869,38.6329653,-122.8555494
11465240,45325,38.65324355,-122.9272191
11466800,65009,38.49407838,-122.8533258
11467000,346542,38.50852336,-122.9277737
06711565,878269,39.66498738,-105.004149
07086000,110593,39.04277116,-106.2658553
07096000,807303,38.43388674,-105.2572128
07097000,1042216,38.38833418,-105.0160961
07099400,1209530,38.2716694,-104.718033
07099969,1237502,38.25361396,-104.6060854
07099970,1222480,38.25361396,-104.6060854
07106000,174048,38.6016647,-104.6702503
07106500,239575,38.2877801,-104.6010849
07109500,1619786,38.24805799,-104.3991356
07119700,2823359,38.12583934,-103.9119006
07120500,2872310,38.06528559,-103.6860593
07124000,3689455,38.0808399,-103.2196523
07126300,495726,37.3564059,-103.9002383
07126485,714322,37.6183474,-103.593557
07130500,4789946,38.06639635,-102.9324228
09010500,16524.2,40.32581784,-105.8566791
09013500,7044.8,40.23637409,-105.7983437
09014050,19787.600000000002,40.2461111,-105.8288333
09019500,83657,40.12081915,-105.9005694
09020500,32893,40.15579444,-105.9805639
09027100,29785,39.9903333,-105.8297778
09034250,204092,40.108319,-106.0041847
09037500,47656,40.0002,-106.1803667
09040500,43512,40.05866389,-106.3051778
09041090,37555,40.2024844,-106.4225335
09041400,69930,40.10859628,-106.4139212
09058000,616161,40.03665248,-106.4400324
09060799,758870,39.8911,-106.8316944
09063000,18181.8,39.50831949,-106.3666948
09064600,48174,39.55387495,-106.402529
09065500,3755.5,39.6258193,-106.2780823
09066325,19968.899999999998,39.6410971,-106.3947515
09066510,26418,39.60943048,-106.447808
09070500,1137010,39.6446111,-107.0780139
09071750,1180004,39.5588711,-107.2908874
09085000,376327,39.54666667,-107.3308333
09085150,1564360,39.56166667,-107.4066667
09095500,2068374,39.2391463,-108.2661946
09105000,153328,39.1836111,-108.2683333
09110000,123284,38.66443715,-106.8453172
09114500,261849,38.54193567,-106.9497661
09119000,274799,38.5211111,-106.9409583
09124500,87801,38.2988834,-107.2300557
09136100,250971,38.78516667,-107.8334167
09144250,1459724,38.75303944,-108.078403
09147500,116032,38.33143056,-107.779225
09149500,288526,38.74194444,-108.0804167
09152500,2052057,38.98331575,-108.4506446
09153270,36778,39.16416667,-108.7502611
09163500,4622891,39.13276047,-109.0270546
09169500,524475,38.3102675,-108.8853805
09171100,556073,38.3569337,-108.8334347
09251000,876197,40.50274666,-108.0334152
09304800,269878,40.0225833,-108.1199444
09306200,131054,39.9210833,-108.2975876
09306222,168868,40.0780264,-108.2364753
09306224,471639,40.1625,-108.345
09306255,67858,40.1685813,-108.4012046
09306290,655270,40.17969335,-108.5653775
09358000,18285.399999999998,37.8111077,-107.6592278
09358550,5205.9000000000005,37.8197187,-107.6636723
09359010,13545.699999999999,37.8027744,-107.6728392
09359020,37814,37.7883333,-107.6682222
09361500,181559,37.2791688,-107.8803445
09363500,282310,37.03656944,-107.8753333
09371010,3781400,37.00113889,-109.0295833
09371492,8935.5,37.3127716,-108.6612067
09371520,60606,37.3266601,-108.7006527
383926107593001,17275.3,38.657207,-107.9922886
385106106571000,19010.600000000002,38.85165929,-106.9533773
391953108130201,131831,39.33119444,-108.2178056
394220106431500,155400,39.705,-106.7258333
401530105475401,7355.5999999999995,40.2575,-105.7997222
01184000,2501940,41.9873186,-72.6053669
01124000,40145,42.0223189,-71.9556289
01125100,26159,41.97846389,-71.90051389
01127500,23128.7,41.5587094,-72.1214666
011277905,4558.4000000000005,41.3686111,-72.2022222
01184490,4014.5,41.9138972,-72.5497
01186500,22015,41.9679222,-73.0334444
01191000,6941.2,41.78443889,-72.7080556
01192500,19010.600000000002,41.7831548,-72.5873114
01193348,150.22,41.63313056,-72.45408889
01193463,21367.5,41.57416944,-72.42947778
01193500,25900,41.55232124,-72.44925287
01195510,4791.5,41.5991111,-72.8857222
01196222,18026.399999999998,41.5292642,-72.8634344
01196500,29785,41.45026389,-72.841275
01196528,32893,41.39795,-72.8682056
01200600,264698,41.5931499,-73.4495669
01201487,16135.699999999999,41.4658222,-73.40320278
01203000,34188,41.54981744,-73.32984029
01205500,399896,41.38380278,-73.16663889
01205890,14581.699999999999,41.76345,-73.1169306
01208350,54131,41.51843,-73.05344119
01208500,67340,41.4423,-73.0622833
01208873,2745.4,41.1798189,-73.21900219
01208990,5439,41.29454,-73.39512029
01478000,5309.5,39.63738889,-75.72788889
01478650,17871,39.6892222,-75.74875
01478950,1525.51,39.70688889,-75.6950833
01479000,23076.899999999998,39.6992222,-75.67502778
01480000,12173,39.76280556,-75.6365
01481500,81326,39.7695,-75.5766944
01483155,448.07,39.4309722,-75.7094722
01483700,8262.1,39.1637222,-75.5190833
01484100,782.18,38.90577778,-75.51275
01484525,15980.300000000001,38.59455556,-75.29102778
01487150,769.23,38.6914722,-75.63488889
01648010,16498.3,38.96016667,-77.0420556
01651770,261.59,38.9161111,-76.9688611
01651800,870.24,38.90127778,-76.94327778
02249500,3263.4,28.07946057,-80.6294983
02250030,27195,28.01724054,-80.59588719
02322700,55167,29.95273288,-82.7859573
02322800,355866,29.91162076,-82.8604033
02231291,73815,30.5507931,-81.5898179
02232400,344729,28.36972837,-80.8725578
02234000,529137,28.7141611,-81.0353374
02234500,668738,28.83804694,-81.3242323
02236000,794094,29.00831827,-81.3825651
02236125,862470,29.16692445,-81.5220157
02244040,1704220,29.5963582,-81.683138
02245260,15669.5,29.72338056,-81.4843667
02246459,5905.2,30.28218375,-81.7403761
02246500,2292150,30.3224616,-81.6653735
02264000,7588.7,28.39056323,-81.5195173
02264051,178.70999999999998,28.37444444,-81.515
02264100,11577.300000000001,28.32528785,-81.5206284
02266200,3211.6,28.38500749,-81.6164632
02266291,5076.4000000000005,28.42694444,-81.6052778
02266300,21911.399999999998,28.33278738,-81.579796
02266495,45066,28.27584517,-81.5439622
02297100,34188,27.16671794,-81.8795282
02297350,461020,27.07755529,-82.00730919
02297460,484330,26.98755887,-81.9942538
02297635,23335.899999999998,26.975,-81.8875
02298124,63196,27.0511111,-81.7861111
02298170,67340,26.99027778,-81.8947222
02298202,96607,26.98478094,-81.9356414
02298492,1566.95,27.4094869,-82.1264772
02299230,92722,27.04519625,-82.2930655
02299496,150220,26.958116359999998,-82.2125921
02299727,16653.7,27.14394246,-82.4300958
023000095,35483,27.51364999,-82.3670375
02301500,86765,27.872248,-82.2112008
02301638,97384,27.85891477,-82.2737021
02301718,107226,27.86934167,-82.3264528
02301719,108521,27.85696987,-82.3575926
02301721,108262,27.85974739,-82.3842598
02304000,163170,28.05446224,-82.3637032
02304510,161875,28.02113015,-82.4345385
02304517,162134,28.0151611,-82.4424056
02304520,164724,28.0197412,-82.451761
023060013,164983,28.0202967,-82.4548166
02306028,179746,27.941966270000002,-82.4587057
02310308,50505,28.2502877,-82.7226006
02310673,30562,28.70263889,-82.6247222
02310674,30821,28.69470935,-82.6389891
02310742,11914,28.8933611,-82.6055556
02313700,124320,29.20413378,-82.769001
02315550,681170,30.3929988,-82.9331875
02317620,435120,30.59826888,-83.073195
02319000,549080,30.59548716,-83.2595906
02319394,603470,30.41049435,-83.18013979
02319800,1862210,30.2449425,-83.24958439
02320000,1885520,30.09994513,-83.1715247
02320500,2040920,29.955785,-82.9276278
02321500,148925,29.9219073,-82.4262246
02321975,222481,29.85273894,-82.6084508
02322500,263403,29.84884769,-82.7151204
02323000,2432010,29.79134359,-82.924293
02323592,2583007,29.33940554,-83.086515
02324170,150738,29.6682821,-83.37735989
02326993,7640.5,30.3152004,-84.3987914
02327033,18233.600000000002,30.18825753,-84.40823469
02358000,4454800,30.7010251,-84.8590871
02359170,4972800,29.94937094,-85.0154686
02203603,626.78,33.68388889,-84.4152778
02203655,5827.5,33.67891667,-84.35813889
02203700,2745.4,33.68902778,-84.3301111
02203831,1100.75,33.70569444,-84.2921944
02203863,2235.17,33.69319444,-84.25388889
02203873,2064.23,33.70941667,-84.2391667
02203900,25641,33.66577778,-84.224
02203950,3418.7999999999997,33.7632222,-84.2203611
02203960,8443.4,33.69666667,-84.1986111
02204037,4169.9000000000005,33.66819444,-84.1511667
02205000,331.52,34.00194444,-84.005
02205865,5439,33.9411111,-84.1077778
02206500,35224,33.85305556,-84.0783333
02207120,41699,33.7722222,-84.0577778
02207135,569.8000000000001,33.83041667,-84.1393333
02207160,7355.5999999999995,33.77327778,-84.0771667
02207185,2615.9,33.7775,-84.0377778
02207385,4480.7,33.81527778,-83.99013889
02207400,2118.62,33.82138889,-83.9425
02208150,7977.2,33.91694444,-83.8880556
02208450,46879,33.63938889,-83.7784167
02208493,7485.0999999999995,33.6285,-83.7988611
02217274,339.29,34.0822222,-83.8544444
02217643,789.9499999999999,34.1620583,-83.5250944
02218565,1463.3500000000001,34.01027778,-83.8941667
02318500,383320,30.79305556,-83.4536111
02334480,2426.83,34.1325,-84.07
02334578,1310.54,34.09638889,-84.0780556
02334885,12198.9,34.0325,-84.08888889
02335000,303030,33.9972222,-84.2019444
02335350,2297.33,33.965,-84.2647222
02335880,367780,33.9019722,-84.4430278
02336000,375550,33.85916667,-84.4544444
02336030,396.27,33.9058333,-84.225
02336120,9013.199999999999,33.83155556,-84.3427778
02336152,1455.58,33.81044444,-84.2479722
023362095,844.3399999999999,33.82138889,-84.2747222
02336240,7148.4000000000005,33.8030833,-84.3406944
02336300,22481.2,33.82030556,-84.40763889
02336313,701.89,33.82163889,-84.438638889999993
02336340,4610.2,33.89775,-84.34525
02336360,6889.4000000000005,33.86916667,-84.37888889
02336410,9764.300000000001,33.8382222,-84.4392778
02336526,3470.6,33.7944722,-84.4741944
02336728,8780.1,33.74352778,-84.5681667
02337170,533540,33.65666667,-84.6736111
02337410,17223.5,33.65380556,-84.8210278
02343805,2126390,31.24908333,-85.1066111
02344630,17974.600000000002,33.35727778,-84.5826111
02344673,4765.5999999999995,33.38316667,-84.5727222
02356000,1960630,30.91030556,-84.5805
02357150,147889,30.90407668,-84.7490864
02388975,25200.7,34.4090833,-84.0198056
02389150,33929,34.35805556,-84.1133333
02413210,63455,33.49269444,-85.2793056
12413360,898.73,47.44027778,-116.1752778
12413370,7303.8,47.47666667,-116.2216667
12413445,18958.8,47.5081222,-116.2418
13093383,5912970,42.6518222,-114.6287528
13093384,5916855,42.6535833,-114.6347972
13207500,14788.9,43.73194444,-116.3041667
13213000,1011654,43.78166667,-116.9727778
13213100,15203300,43.8761111,-116.9825
13311000,4998.7,44.9057222,-115.3295
03336890,10541.300000000001,40.16416667,-88.0275
03338780,67858,40.26531416,-87.6427989
03339000,334110,40.10087009,-87.5972419
03343820,7174.3,39.465,-88.2302778
03346500,604247,38.7236111,-87.6644444
03381495,799792,38.0922222,-88.1561111
03612600,52577000,37.17921867,-89.058404
05420400,22170400,41.8944725,-90.156793
05446500,2473191,41.5561111,-90.1852778
05447500,259777,41.48892309,-90.1576186
05537980,389018,41.53638889,-88.0825
05543010,2127685,41.2997222,-88.6141667
05553700,2863504,41.3247564,-88.9839693
05554300,17482.5,40.72277778,-88.53
05557500,25641,41.3347222,-89.3819444
05567500,198653,40.62364814,-89.2417516
05575550,3571.6099999999997,39.54638889,-89.435
05576100,33307.4,39.71553889,-89.7024444
05576195,23421.370000000003,39.659075,-89.6589361
05579610,1890.7,40.46777778,-88.86388889
05579620,984.1999999999999,40.47277778,-88.8797222
05579624,1225.0700000000002,40.4628611,-88.8771667
05579630,3833.2000000000003,40.4583333,-88.8775
05586300,6959330,39.63277778,-90.6077778
05595000,1343951,38.3197222,-89.8883333
05599490,559181,37.7583333,-89.3277778
03343805,2331,39.46527778,-88.33638889
05536995,191401,41.6408333,-88.0594444
05538010,390054,41.505,-88.0997222
05539670,443149,41.41444444,-88.2144444
05549500,323750,42.3100222,-88.2514745
05550001,370111,42.16194444,-88.29388889
05551580,467236,41.64277778,-88.4433333
05558300,3507896,41.1072222,-89.3561111
05578100,28912.17,40.22777778,-88.6605556
05578250,27687.100000000002,40.23527778,-88.8097222
03275500,31339,39.80671459,-84.907183
03276000,98420,39.43393969,-85.0032932
03340900,57498,39.71116667,-87.0712778
03353415,878.01,39.88577778,-86.3554444
03353420,1217.3,39.8725833,-86.3615278
03374100,2927995,38.4897695,-87.55002269
03378500,7571606,38.130879,-87.941419
04182867,498834,41.08494444,-85.1223333
05515500,140378,41.38963889,-86.7061667
05517500,350168,41.2200392,-86.968356
05518000,460761,41.1828134,-87.3403096
05524500,116291,40.87059306,-87.3066912
03303280,25123000,37.89950088,-86.70554179
03353200,27454,39.94642897,-86.2602702
04093176,46.62,41.56610556,-87.3558333
04183038,3201.24,41.1830833,-84.8696944
05412500,400155,42.7399884,-91.261799
05418110,31598,42.4703333,-91.1245556
05418400,130795,42.1643333,-90.7293333
05418720,484071,42.1638611,-90.3350833
05420500,22170400,41.78058635,-90.252073
05451210,58016,42.3150833,-93.1520556
05455100,52059,41.60640518,-91.61572419
05464420,1642578,42.06916346,-91.7851803
05464475,4325.3,41.98941597,-91.7595985
05464500,1686090,41.97194549,-91.667123900000007
05465500,3237500,41.1780861,-91.1820939
05480603,7252,42.41088889,-94.1413056
05480986,2025.38,42.49325,-93.7668056
05481000,218596,42.43247506,-93.8057762
05482000,1617455,41.61248906,-93.6210513
05482300,181300,42.35475,-94.9903333
05482500,419321,41.98803907,-94.3769127
05483600,113960,41.687209,-94.3710773
05484000,257446,41.5894324,-94.1513463
05484500,891219,41.5338779,-93.9499503
06603750,4325.3,43.45869444,-95.3435833
06604440,135457,43.21277778,-95.2391667
06808500,343434,40.8730547,-95.5802746
06817000,197358,40.74327778,-95.0141944
05422405,22895600,41.57488889,-90.4043611
05422410,22895600,41.5738333,-90.4056667
05451080,3108,42.5436111,-93.5894444
05474500,30821000,40.39365535,-91.374318
05490500,3635842,40.72780589,-91.959617
06601200,81895800,42.0072101,-96.241688
06610505,83615560,41.18916667,-95.8625
06889110,2400.93,39.6095472,-95.9760556
06892350,15476804,38.9833375,-94.9646893
06892513,15047.9,39.02916667,-94.8172222
07143672,196581,38.02853056,-97.5405417
07144100,320901,37.88306739,-97.4244864
07144780,184667,37.8621972,-98.0137806
06856600,6356378,39.3555515,-97.1275203
06887000,2496760,39.2372186,-96.5713918
06887500,14317520,39.19833014,-96.3055532
06888990,14681674,39.07194435,-95.7163715
06889160,12768.699999999999,39.4631449,-95.9505944
06892495,15125.6,38.97805556,-94.9227778
06892518,15536115,39.0461111,-94.7894444
06893100,17042.2,38.8422222,-94.6122222
06893300,6889.4000000000005,38.9405621,-94.6713469
06893350,5309.5,38.9061111,-94.64
06893390,16620.03,38.9383333,-94.6077778
07137500,6581190,38.0275129,-102.0115706
07179750,196063,38.42862475,-96.1583287
07182250,450660,38.3975139,-96.356112
07182390,713027,38.3680712,-96.0002687
07182510,787878,38.19446678,-95.735264
07183000,964257,37.92225778,-95.4277596
07183500,1270395,37.34005866,-95.1099687
385446094430700,3677.7999999999997,38.91277778,-94.7186111
385520094420000,4092.2000000000003,38.9272222,-94.6969444
385608094380300,9479.4,38.93555556,-94.6341667
03254520,930587,38.9203417,-84.44799549
03290500,1600620,38.43895654,-84.9632844
03302060,756280,38.0011831,-85.9421857
03311000,182077,37.2742157,-86.2508064
03321500,2377879,37.8583774,-87.4097294
03238140,1098.16,39.0972823,-84.4827199
03238745,10101,38.9514529,-84.3382712
03238772,802.9,38.98666667,-84.3652778
03254480,4662,38.84444444,-84.5322222
03254550,7770,38.98055556,-84.5416667
03254693,813.26,39.05020525,-84.4850474
03260015,1655.01,39.08533764,-84.5577214
03260050,3315.2000000000003,39.05894888,-84.6160558
03260100,1043.77,39.0797222,-84.6852778
03262001,6267.8,39.03,-84.8041667
03277075,9479.4,38.99416667,-84.7161111
03277130,9427.6,38.8450635,-84.72077969
03277200,21541030,38.77478484,-84.9643932
03284533,5047.91,37.9383333,-84.4786111
03284552,3908.31,37.95777778,-84.5011111
03287590,1048.95,38.04006944,-84.4111111
03288180,1434.86,38.09166667,-84.50138889
03289000,6216,38.0431322,-84.6263318
03289200,7770,38.103687,-84.5879977
03292470,18207.7,38.36173418,-85.5749608
03292474,1554,38.2759036,-85.606072
03292475,2615.9,38.3034027,-85.62801689
03292480,1502.2,38.31256909,-85.6257947
03292500,4454.8,38.2114592,-85.7024613
03292555,6397.3,38.23923766,-85.7377399
03292900,3677.7999999999997,38.2400708,-85.6344054
03293000,4895.0999999999995,38.237293,-85.6646834
03293500,6423.2,38.25034895,-85.7166287
03293510,15565.9,38.26701505,-85.721351
03293530,1605.8,38.27645917,-85.693573
03294570,3496.5,38.07812588,-85.8899635
03297800,3133.9,37.9911111,-85.6411111
03297900,20694.100000000002,38.28534776,-85.4674592
03298000,35742,38.18840166,-85.460235
03298135,1416.73,38.19479109,-85.557181
03298150,3004.4,38.16006729,-85.5421797
03298200,55167,38.08534216,-85.5549556
03298250,2874.9,38.0792321,-85.6160683
03298300,1657.6000000000001,38.08756629,-85.642458
03301900,906.5,38.1756242,-85.615237
03301940,2874.9,38.1503466,-85.6935714
03302000,16576,38.1197916,-85.7957955
03302030,20797.7,38.05423677,-85.8716296
03302050,1036,38.0478476,-85.8571848
03400800,14452.199999999999,36.75230974,-83.2574012
03410590,15488.199999999999,36.70277778,-84.5630556
07374000,291584790,30.44566667,-91.1915556
01018035,66563,46.1811111,-67.80388889
01021050,376845,45.17,-67.2966667
01036390,1946385,44.82666667,-68.6966667
01493112,1585.08,39.25705556,-75.94013889
01579550,7070700,39.62605556,-76.15775
01646500,2994040,38.94977778,-77.12763889
01581752,647.5,39.49627778,-76.3474444
01585075,473.97,39.40852778,-76.34263889
01585219,4221.7,39.3179722,-76.55513889
01589290,836.57,39.3615833,-76.76175
01636845,1077.44,39.34125,-77.6340833
01636846,1178.45,39.3376111,-77.6264722
01638500,2499609,39.2735833,-77.5431111
01642198,1126.6499999999999,39.43602778,-77.4405833
01642199,1898.47,39.42441667,-77.42977778
01649190,3392.9,39.0333611,-76.96402778
01649500,18855.2,38.96025,-76.9259722
01650800,1670.55,38.9862222,-77.0048611
01651000,12794.6,38.95255556,-76.96513889
01651730,3859.1,38.91630556,-76.9343056
01658000,14193.199999999999,38.59613889,-77.05602778
01161280,1819475,42.6833333,-72.4719444
01095220,7536.9000000000005,42.41092507,-71.7911829
01095375,11991.699999999999,42.37286967,-71.8281279
01095434,810.67,42.36453675,-71.775349
010965305,1054130,42.67738889,-71.4210556
01100475,1206940,42.69291667,-71.1766111
01100671,1256150,42.76744444,-71.1111111
01104370,2641.7999999999997,42.38555556,-71.2894444
01104405,559.44,42.436484,-71.2695014
01104410,90.64999999999999,42.43648406,-71.2642235
01104415,106.19,42.43592855,-71.2600567
01104420,189.07,42.4198177,-71.2575565
01104430,1776.74,42.3981512,-71.2733903
01104433,93.24,42.39120689,-71.2711679
01104453,577.57,42.37138889,-71.27527778
01104455,124.32,42.37259606,-71.27033448
01104460,5698,42.368985,-71.2706123
01104475,220.15,42.3545408,-71.2681121
01104480,6138.3,42.3556519,-71.2650565
01108000,67599,41.9339903,-70.9564307
01108410,11266.5,41.8998232,-71.0894897
01111230,68117,42.0228757,-71.5722859
01168250,1675.73,42.66669444,-73.0301667
04165500,190106,42.5958674,-82.90881
04166500,48433,42.3730923,-83.2546513
04168400,23569,42.30837099,-83.2527063
04040000,347060,46.7207742,-89.207086
04043097,11447.800000000001,46.7346552,-88.4431868
04043126,4351.2,46.72104347,-88.3301306
04043140,906.5,46.75104286,-88.3617967
04043150,16757.3,46.80409698,-88.3170724
04043238,1745.66,46.78214818,-87.8776299
04043244,2641.7999999999997,46.7857589,-87.8523522
04043275,8236.2,46.7135391,-87.8406871
04057801,12328.4,46.49326948,-87.8679127
04059500,116550,45.7549674,-87.2020793
04101500,949494,41.8292138,-86.2597325
04108660,505050,42.65085976,-86.106703
04118564,1263236.758,43.02277778,-85.6608333
04118997,1270395,42.976625,-85.6735028
04119400,1370110,43.0241884,-86.0264354
04142000,82880,44.0725203,-84.0199939
04144032,2266.25,42.88169789,-83.9846833
041482663,4998.7,42.9419733,-83.8460698
04157005,1569540,43.4219699,-83.951918
04161820,80031,42.6144781,-83.02659329
04167150,28490,42.3305929,-83.2479841
04174500,188811,42.28698238,-83.733829600000007
04175120,229992,42.06416667,-83.25388889
04176500,269878,41.9606008,-83.53104619
05374900,362600,44.31191029,-92.0040541
05457000,103341,43.63718529,-92.9746369
04024000,888370,46.7032765,-92.4188018
05288580,40404,45.0933333,-93.195
05288705,7303.8,45.04996508,-93.3102274
05289800,45584,44.91552097,-93.2127224
07289000,296425500,32.315,-90.9058333
02480285,2459723,30.38269444,-88.6084444
02481960,1968.3999999999999,32.78069444,-89.19825
02481961,2131.57,32.78888889,-89.1969444
02481962,253.82,32.80169444,-89.2105278
02481970,890.96,32.81119444,-89.2720556
02481984,1916.6000000000001,32.7075,-89.2370556
02481998,14011.9,32.78991667,-89.3063889
07288500,198653,33.5473397,-90.5431441
0728875070,20720,33.4011111,-90.8919444
301141089320300,2246566,30.1947222,-89.5341667
06818000,110463500,39.75325,-94.8568333
06899900,30562,40.45444444,-93.2863889
06900050,91945,40.0266111,-93.4362222
06901500,142450,39.89594444,-93.2365278
06902000,1781920,39.64002778,-93.2736944
06934500,135327500,38.70980556,-91.4385
06893620,2460.5,39.11194444,-94.4722222
06893820,25433.8,39.0173611,-94.3872778
06893830,1331.26,39.03777778,-94.3633333
06893890,8909.6,39.02556175,-94.3438385
06893970,2175.6,39.08833866,-94.3435605
06894000,47656,39.1005609,-94.3005038
07053450,1041180,36.5950631,-93.3090721
07061270,13519.800000000001,37.55255556,-90.8424444
07061290,22610.7,37.4936111,-90.8383333
06037500,112665,44.6570722,-111.0679639
06191500,677544,45.1121194,-110.7936667
06192980,13960.1,46.1671611,-110.5542861
06306300,375809,45.0091361,-106.8359444
06307500,461797,45.141275,-106.7713556
06307600,120953,45.29906389,-106.5081667
06307616,681947,45.41160556,-106.4573528
06307740,183890,45.58838889,-106.2550556
06307830,1004661,45.8403861,-106.2234333
06308500,1399636,46.3845944,-105.8455222
06324500,2079511,45.0571972,-105.8783778
12301933,2330741,48.40066389,-115.3187194
12323800,169904,46.20824167,-112.76735
12324200,259259,46.39765,-112.7425389
12324400,292670,46.5109111,-112.789686
12340500,1559439,46.87676389,-113.9321194
06454100,241906,42.4236111,-103.7922222
06461500,1851850,42.9022222,-100.3622222
06465500,2999220,42.7397222,-98.2227778
06478522,119140,42.76527778,-97.1725667
06784000,600880,41.0325,-98.7405556
06800500,1787100,41.2933333,-96.2838889
06801000,21652400,41.0622222,-96.3247222
06805000,424760,41.05166667,-96.3386111
06805500,22110830,41.01497778,-96.1575
06807000,106190000,40.681946,-95.846946
10301500,673400,39.1524611,-119.0988889
10302002,729085,38.94019785,-118.8037557
10302025,811706,38.79103038,-118.727085
10348200,277130,39.51761667,-119.7416444
10350500,414400,39.56545278,-119.486186
10351700,473193,39.7773722,-119.3375222
01389005,191660,40.89638889,-74.2691667
01408500,31857,39.98638889,-74.2233333
01463500,1756020,40.22166667,-74.7780556
01388000,41440,40.99194444,-74.28
01400500,126910,40.55555556,-74.58277778
01408000,11396,40.16138889,-74.1547222
01408029,16394.7,40.14666667,-74.1222222
01440000,16576,41.1061111,-74.9525
01443500,32634,40.9808333,-74.9533333
01446500,1174565,40.82638889,-75.0825
01458500,1662780,40.5261111,-75.065
01464290,6086.5,40.0361111,-74.5361111
01464500,21108.5,40.1372222,-74.6
01465850,16705.5,39.94,-74.7630556
0146587310,3859.1,39.8677222,-74.84175
01465880,12224.800000000001,39.89527778,-74.8236111
01466500,608.65,39.885,-74.50527778
01466900,20176.100000000002,39.9561111,-74.62777778
01467000,30562,39.97,-74.6844444
01467005,36260,39.99305556,-74.78138889
01467081,2325.82,39.94166667,-75.0011111
01467150,4403,39.90305556,-75.02138889
01477070,1095.5700000000002,39.6861111,-75.1844444
01477120,6967.0999999999995,39.74055556,-75.2591667
01482504,4325.3,39.64805556,-75.3311111
01482537,9298.1,39.66055556,-75.4091667
08317400,3859100,35.618,-106.3239444
08330000,4516960,35.08916667,-106.6806944
08405200,4804450,32.409275,-104.2149722
08405400,92463,32.2359472,-104.1966472
08406500,4970210,32.20754167,-104.023875
08407500,5060860,32.07519167,-104.0394361
09364010,336959,36.81836667,-108.0229944
09365000,1875160,36.72301667,-108.2255889
09368000,3341100,36.77666667,-108.6830556
01302020,9945.6,40.86230556,-73.87438889
01304000,6993,40.84991667,-73.2242222
01342732,172494,43.01975,-75.0284722
01354330,846930,42.8281583,-73.9903722
01355475,870240,42.8511111,-73.88725
0135749950,432.53,42.78569444,-73.7104167
0135980207,2225846,42.4996111,-73.7768056
01413500,42217,42.1447222,-74.6536111
01414500,6526.8,42.1061111,-74.7305556
01415000,8598.800000000001,42.12,-74.8186111
01423000,85988,42.1661111,-75.14002778
01433005,30044,41.56727778,-74.78327778
01433500,51800,41.4612222,-74.75877778
0143400680,2312.87,41.96694444,-74.4480556
01434017,5931.0999999999995,41.92527778,-74.54027778
01434021,199.43,42.0111111,-74.4144444
01434025,963.48,41.9960833,-74.5002222
01434498,8754.199999999999,41.92041667,-74.57438889
01435000,17249.399999999998,41.88994444,-74.5898056
01436000,23983.399999999998,41.82,-74.6355556
01436655,7355.5999999999995,41.66780556,-74.62302778
01436690,44289,41.63805556,-74.61688889
01437100,2667.7000000000003,41.59594444,-74.4681944
01437349,12224.800000000001,41.49963889,-74.5522222
01437400,18207.7,41.45394444,-74.5893056
01437500,79513,41.4413611,-74.60188889
04213500,112924,42.46344444,-78.9345278
04219768,21963.2,43.31380556,-78.7154167
04219915,27713,43.3608333,-78.2645278
04220045,37814,43.17430556,-78.38638889
0422016550,52318,43.301,-78.3104444
0422018610,70448,43.35330556,-78.1930556
04220223,22222.2,43.3390833,-77.9152222
04226000,17689.7,42.6824722,-77.8286944
04231600,640766,43.1417222,-77.6163056
0423205010,36778,43.145,-77.5119444
04249000,1320900,43.45166667,-76.50527778
0427386405,243.45999999999998,44.23719444,-73.9123972
0427386410,251.23,44.2367361,-73.9138444
04273885,3185.7000000000003,44.2622222,-74.01338889
04273996,336.7,44.3031,-73.9203056
04273997,341.88,44.3037861,-73.92070278
04274000,30044,44.3109722,-73.9156944
04274050,106.19,44.34620556,-73.8676611
04274051,132.09,44.34927778,-73.8664444
04274200,36260,44.38963056,-73.817125
0208062765,2188550,36.3311111,-77.58027778
02081022,2281790,36.0136111,-77.21527778
02081094,2395750,35.81305556,-76.89277778
0208114150,2501940,35.915,-76.72277778
0209303205,43343.65,34.74888889,-77.43777778
02101726,17793.3,35.73514055,-79.4230754
02102500,897176,35.4061111,-78.8133333
03447687,165760,35.42916667,-82.5525
03448050,175861,35.5122222,-82.5772222
0344878100,26936,35.56138889,-82.5969444
03451200,242424,35.585,-82.5686111
03451500,244755,35.60888889,-82.5780556
03501500,76405,35.18592846,-83.3712647
03512000,47656,35.46138889,-83.3536111
05051522,1113700,46.65968548,-96.7959154
05054000,1761200,46.861075,-96.7836924
05055300,430199,47.90777778,-99.4155556
05055400,444444,47.82138889,-99.2761111
05057000,1675730,47.43277097,-98.0275954
05057200,178969,47.2291562,-98.1248189
05058000,1934730,47.0338718,-98.0837077
05059300,2289560,46.74638889,-96.9269444
05064500,5646200,47.351918,-96.843691
05082500,7795900,47.9269234,-97.0292435
05114000,2315460,48.9900156,-101.9582209
05117500,2745400,48.2458428,-101.3712745
05124000,4377100,48.9964079,-100.9584889
06329597,38591,47.85085328,-103.7940907
06331000,226625,48.2844683,-103.5729718
06336000,1603210,46.9180722,-103.5303444
06346500,442890,46.5972286,-101.8018145
06348300,758870,46.7033333,-101.2136111
06349000,857290,46.8338827,-100.9745789
06467600,29267,47.64605556,-99.8295278
04183500,551411,41.19893889,-84.7444033
03098600,253302,41.10505807,-80.6625755
03099500,277907,41.03672598,-80.5361815
03119341,3367,40.46166667,-81.1255556
03119971,2926.7000000000003,40.5133333,-81.1127778
03119979,370.37,40.52888889,-81.1369444
03120820,9816.1,40.5536111,-81.1847222
03120869,2015.02,40.57805556,-81.1927778
03120961,875.42,40.56805556,-81.2572222
03125338,9816.1,40.08416667,-81.1272222
03126395,9298.1,40.24777778,-81.1483333
03127980,6034.7,40.3386111,-81.11388889
03127986,3496.5,40.31166667,-81.1152778
03127989,906.5,40.34694444,-81.1266667
03140853,7536.9000000000005,39.86388889,-81.3208333
03140900,7329.7,39.85277778,-81.3286111
03140950,4403,39.90138889,-81.3194444
03219500,146853,40.4195042,-83.1971372
03220510,253561,40.15311775,-83.1263
03228039,439264,39.8397222,-83.0094444
03228300,26159,40.2361735,-82.8512892
03255349,12950,39.26944444,-84.4319444
03259757,1629.11,39.16305556,-84.5575
03259813,2463.09,39.15,-84.5475
03271510,702667,39.63728058,-84.2924416
04188496,13209,40.9792203,-83.6532653
04193490,1635067,41.47616368,-83.7388261
04193500,1639470,41.5000526,-83.7127145
04195500,110852,41.449496,-83.3613156
04199000,96089,41.3008852,-82.6082326
04199500,67858,41.38199,-82.3168273
04200500,102564,41.38032368,-82.10459279
04208000,183113,41.39533087,-81.6298478
04212100,177415,41.7189339,-81.2278789
07160350,18130,36.3761449,-97.8003332
07177500,234913,36.27842534,-95.954162
07178200,290857,36.2231514,-95.8194322
071912213,42217,36.3225808,-94.6852238
07191222,15306.9,36.35535924,-94.7763388
07239450,3428901,35.6169933,-98.0653316
07239500,3449103,35.56310656,-97.9575498
07239700,3485104,35.5394985,-97.7425442
07241000,3494687,35.47866848,-97.6633752
07241520,3545192,35.5656147,-97.367258
07241550,3567725,35.5003412,-97.1939194
07301500,686868,35.16810838,-99.5073128
07303400,113442,35.01172,-99.9037143
07305000,1181040,34.6381266,-99.103691
07331000,1857548,34.23342725,-96.9758447
11509500,1015280,42.13319946,-121.9622313
11510700,1056720,42.0845877,-122.0733453
13173600,11137000,43.7309932,-117.0718258
14012995,13830.6,45.988425,-118.0919
14138720,1315.72,45.4709515,-121.8653567
14138850,12406.1,45.4981743,-122.0123049
14138870,1414.14,45.48011889,-122.0256385
14138900,2154.88,45.4942856,-122.0359167
14139800,4066.2999999999997,45.444564,-122.1095292
14158500,23931.600000000002,44.3609545,-121.9956172
14158740,41440,44.28638889,-122.0368056
14158790,4040.4,44.3345666,-122.0470074
14158798,5542.5999999999995,44.28988889,-122.0485833
14158850,47656,44.2679001,-122.0497826
14159500,53872,44.13595817,-122.248391
14162050,1085.21,44.1845,-122.3148056
14162200,22714.3,44.16234819,-122.3331192
14162500,240870,44.1248487,-122.47062
14163000,12328.4,44.1460861,-122.5730333
14163150,266770,44.123738,-122.6275715
14163900,279979,44.0698492,-122.7711874
14164550,6734,44.07066667,-122.8846667
14164900,295260,44.0712365,-122.9645273
14181500,117327,44.75377778,-122.2974444
14182500,29008,44.7915108,-122.5789738
14183020,173789,44.7782222,-122.6777222
14202650,6241.9000000000005,45.44064167,-123.125
14202980,10049.199999999999,45.46927968,-123.200109
14203500,32375,45.4748365,-123.124274
14206950,8158.5,45.403452,-122.7548185
14207200,182854,45.35650877,-122.6850937
14209700,11680.9,45.14762079,-122.1531366
14209710,153846,45.16706506,-122.1561923
14210000,173789,45.29984346,-122.3539746
14211010,243460,45.3792874,-122.5773134
14301500,41699,45.47593996,-123.7251209
14302480,40404,45.4462181,-123.7103974
14316460,113183,43.3059544,-122.5128232
14317450,229474,43.324563,-122.9997836
14317600,25226.600000000002,43.34666389,-122.9925917
14348430,150.22,42.0785,-122.5961667
420423122363100,62.16,42.073125,-122.608711
420425122361700,77.7,42.0735833,-122.6046667
444728122450000,178192,44.79095556,-122.7511989
452731123092100,11266.5,45.4586111,-123.1559167
453004122510301,5879.3,45.5009505,-122.852045
453030122560101,18648,45.5081944,-122.9335
453250122494501,751.1,45.5473472,-122.8291417
01467200,2070187,39.95400165,-75.1373987
01477050,2667700,39.83677934,-75.36630199
01573660,4532.5,40.1533333,-76.7555556
01574000,132090,40.0809008,-76.7180813
01575598,71743,40.0522222,-76.6544444
01575900,27972,40.0628745,-76.5155214
01576007,8365.699999999999,40.01416667,-76.5480556
01576045,4092.2000000000003,39.94194444,-76.50027778
01577500,34447,39.77260378,-76.3157919
01427207,411810,41.86727778,-75.21375
01427510,471380,41.75675,-75.0574167
01432160,688681,41.47536824,-74.91238898
01434000,796684,41.3706493,-74.6973853
01438500,901320,41.30916667,-74.79527778
01439500,30303,41.08815078,-75.03767469
01440400,17068.100000000002,41.0848148,-75.2146251
01451380,5516.7,40.53120755,-75.60046519
01451400,6138.3,40.5340833,-75.6014722
01451467,1030.82,40.5216111,-75.5083333
01451500,20927.2,40.5823197,-75.48296088
01451630,3755.5,40.5875,-75.4968056
01451650,25433.8,40.59648637,-75.4740717
01451800,13727,40.66176219,-75.626854
01454700,351981,40.6692656,-75.23628808
01465500,54390,40.1739982,-74.9568342
01465798,5542.5999999999995,40.05705567,-74.9851694
014670261,2020200,40.0385,-74.9936111
01467042,9816.1,40.08983289,-75.0690611
01467048,12898.199999999999,40.05011137,-75.0326713
01467086,4325.3,40.04261157,-75.1121191
01467087,7873.5999999999995,40.0159454,-75.0968411
01468500,34447,40.6292577,-76.1246622
01473000,72261,40.22954725,-75.451567
01473169,5387.2,40.07927367,-75.46074808
01473500,455840,40.11121934,-75.3468502
01473900,10567.199999999999,40.1239987,-75.2198992
01474000,16576,40.01539,-75.2068459
01474500,490287,39.9678905,-75.1885123
01474703,2582489,39.8792798,-75.20268029
01475510,9686.6,39.92900154,-75.2724064
01475530,1238.02,39.97483455,-75.2799067
01475548,5154.0999999999995,39.9327861,-75.2376361
01475553,16213.4,39.8986111,-75.25527778
01478100,722.61,39.8584423,-75.7832743
01478120,2926.7000000000003,39.8284429,-75.780773
01478137,347.06,39.8217764,-75.7791061
01478185,1212.12,39.8325833,-75.8450833
01478220,2569.28,39.76566619,-75.7960492
01478245,15332.800000000001,39.7475,-75.7708333
01480617,14245,39.9617734,-75.8013341
01480870,23284.100000000002,39.9687191,-75.6732715
01481000,74333,39.8698328,-75.5932623
01516350,39627,41.7970183,-77.0802457
01518700,115514,41.95257385,-77.1152486
01540500,2905980,40.95814218,-76.6191222
01542500,378658,41.11755906,-78.108896
01544500,35224,41.4758994,-77.8258251
01548303,1678.3200000000002,41.78479405,-77.4019232
01549700,244496,41.273683,-77.32414028
01567000,868686,40.47841677,-77.1291484
01570500,6241900,40.25481164,-76.8860846
01573695,5309.5,40.19527778,-76.56777778
01573710,12302.5,40.14930556,-76.68775
01576000,6731410,40.0545413,-76.5307992
015765195,435.12,39.9959361,-76.26403889
01576980,6925660,39.82788027,-76.33329279
03007800,64232,41.81867578,-78.29279129
03016000,947940,41.5708949,-79.4078243
03027500,18958.8,41.5531176,-78.5961347
03034000,40922,40.93923105,-79.00836738
03036000,89096,40.9275653,-79.2911508
03039040,2422686,40.6847222,-79.6675
03039041,2419060,40.68555556,-79.6686111
03043810,350686,40.46756718,-79.3672609
03044000,351722,40.4545117,-79.3908724
03049640,3002328,40.5361788,-79.8147714
03072000,59311,39.7592449,-79.9706152
03072655,1149960,39.82507696,-79.9228329
03073000,46620,39.92313056,-80.072558
03075070,1383060,40.26229225,-79.9011597
03077100,111629,39.80138889,-79.3686111
03079000,98938,39.85991667,-79.2288333
03081000,266511,39.8275767,-79.3725353
03083500,444185,40.2402222,-79.8066944
03105500,578865,40.88867389,-80.3370083
03106000,92204,40.8170092,-80.2422837
03108490,5623926,40.6489546,-80.3833975
04213152,9660.699999999999,42.07388889,-80.2347222
394337079544201,704480,39.72702308,-79.9114471
01115098,1284.64,41.8525992,-71.6061754
01115110,1613.5700000000002,41.8456548,-71.6095088
01115114,1217.3,41.83759929,-71.6120089
01115120,72.52000000000001,41.8314882,-71.6089532
01115170,841.75,41.84093269,-71.584508
01115183,507.64,41.79759966,-71.5847857
01115184,315.98,41.7887107,-71.6200647
01115185,1118.88,41.83621005,-71.72256829
01115187,3729.6,41.8187102,-71.7050677
01115190,1269.1000000000001,41.8223213,-71.70034528
01115265,2258.48,41.7906548,-71.6986785
01115275,160.58,41.7825994,-71.67478879
01115276,1341.62,41.7853772,-71.6672885
01115278,494.69,41.7968,-71.6694306
01115280,463.61,41.80398827,-71.6497879
01115297,1118.88,41.7648219,-71.6356207
01118500,76405,41.38371065,-71.8331247
02110400,12147.1,33.953505,-78.71973988
02110500,287490,33.9126719,-78.7150175
02110701,4895.0999999999995,33.86100349,-79.0411471
02110704,372960,33.8329481,-79.0436473
02135000,722610,34.05710829,-79.2469897
02148315,1447810,33.82848933,-80.6203645
02156500,722610,34.5951393,-81.4212089
02160105,196581,34.5354163,-81.548158
02160700,114996,34.5093039,-81.5981594
02160991,1230250,34.26070285,-81.3303747
02169000,652680,34.0140416,-81.0878717
02171500,3807300,33.45433217,-80.14147189
02171645,3833200,33.4275,-79.915
06476000,4104114,44.36359475,-98.199257
06478513,5429158,42.9958297,-97.3697806
06481000,1017093,43.79044595,-96.7456623
06418800,116392.01,44.02680556,-103.1011111
06436760,119140,44.65265259,-103.366697
03432800,92325.73000000001,36.0172222,-86.8997222
03417500,1892513,36.554227590000004,-85.5144139
03418420,2096605,36.2867212,-85.9408197
03426310,3023307,36.29711845,-86.6586324
03428180,44030,35.8989535,-86.42554779
03430200,241906,36.1864446,-86.6327739
03431083,27713,36.16394545,-86.699164
03431091,3320121,36.1653343,-86.7213866
03431514,3331258,36.1831118,-86.8322218
03432100,17249.399999999998,35.83256495,-86.6988861
03432331,41440,35.87839755,-86.7908328
0343233905,47376.28,35.89984185,-86.8428894
03432350,49728,35.9208165,-86.8654982
03432390,2667.7000000000003,35.9434521,-86.8546675
034324146,55167,35.9581186,-86.88972369
03432670,30303,35.96422969,-86.9186131
03433500,105931,36.0545633,-86.9285102
03433640,419.58000000000004,35.9053426,-87.0988948
03434500,176897,36.1220032,-87.09889379
03434870,3667440,36.3147222,-87.2161111
03527620,328153,36.56953558,-83.0412794
03597860,110075,35.48290044,-86.4625967
03598000,124579,35.48035,-86.4991609
03598165,3341.1,35.55757044,-86.498327
0359816545,732.97,35.56173718,-86.4855491
03598169,1447.81,35.57173749,-86.44416
03598173,4247.5999999999995,35.5836811,-86.488049
03598177,9220.4,35.56444444,-86.5166667
03601630,209.79000000000002,35.87201008,-87.103895
08181800,451437,29.2221853,-98.3558463
08188500,1015539,28.6492861,-97.3848583
08195000,100751,29.48856496,-99.7047756
07227500,5036255,35.4703261,-101.879628
07311782,57757,33.62203029,-100.2089951
07311782,57757,33.62203029,-100.2089951
07311782,57757,33.62203029,-100.2089951
07311782,57757,33.62203029,-100.2089951
07311782,57757,33.62203029,-100.2089951
07311782,57757,33.62203029,-100.2089951
07311782,57757,33.62203029,-100.2089951
07311782,57757,33.62203029,-100.2089951
07311782,57757,33.62203029,-100.2089951
07311782,57757,33.62203029,-100.2089951
07311782,57757,33.62203029,-100.2089951
07311782,57757,33.62203029,-100.2089951
07311782,57757,33.62203029,-100.2089951
07311782,57757,33.62203029,-100.2089951
07311782,57757,33.62203029,-100.2089951
07311782,57757,33.62203029,-100.2089951
07311782,57757,33.62203029,-100.2089951
07311782,57757,33.62203029,-100.2089951
07311782,57757,33.62203029,-100.2089951
07311782,57757,33.62203029,-100.2089951
07311782,57757,33.62203029,-100.2089951
07311782,57757,33.62203029,-100.2089951
07311782,57757,33.62203029,-100.2089951
07311782,57757,33.62203029,-100.2089951
07311782,57757,33.62203029,-100.2089951
07311782,57757,33.62203029,-100.2089951
07311782,57757,33.62203029,-100.2089951
07311782,57757,33.62203029,-100.2089951
07311782,57757,33.62203029,-100.2089951
07311782,57757,33.62203029,-100.2089951
07311782,57757,33.62203029,-100.2089951
07311782,57757,33.62203029,-100.2089951
07311782,57757,33.62203029,-100.2089951
07311782,57757,33.62203029,-100.2089951
07311782,57757,33.62203029,-100.2089951
07311782,57757,33.62203029,-100.2089951
07311782,57757,33.62203029,-100.2089951
07311782,57757,33.62203029,-100.2089951
07311782,57757,33.62203029,-100.2089951
07311782,57757,33.62203029,-100.2089951
07311782,57757,33.62203029,-100.2089951
07311782,57757,33.62203029,-100.2089951
07311782,57757,33.62203029,-100.2089951
07311782,57757,33.62203029,-100.2089951
07311782,57757,33.62203029,-100.2089951
07311782,57757,33.62203029,-100.2089951
07311782,57757,33.62203029,-100.2089951
07311782,57757,33.62203029,-100.2089951
07311782,57757,33.62203029,-100.2089951
07311782,57757,33.62203029,-100.2089951
07311782,57757,33.62203029,-100.2089951
07311782,57757,33.62203029,-100.2089951
07311782,57757,33.62203029,-100.2089951
07311782,57757,33.62203029,-100.2089951
07311782,57757,33.62203029,-100.2089951
07311782,57757,33.62203029,-100.2089951
07311782,57757,33.62203029,-100.2089951
07311782,57757,33.62203029,-100.2089951
07311782,57757,33.62203029,-100.2089951
07311782,57757,33.62203029,-100.2089951
07311782,57757,33.62203029,-100.2089951
07311782,57757,33.62203029,-100.2089951
07311782,57757,33.62203029,-100.2089951
07311782,57757,33.62203029,-100.2089951
07311800,151256,33.644257,-99.8009252
07312500,813260,33.90954178,-98.5336663
07332605,37296,33.57579444,-96.1557444
07332620,69930,33.6822222,-95.9844444
07332622,95830,33.74416667,-95.9611111
07336820,12242412,33.68400005,-94.6943774
08048000,677285,32.76096337,-97.3325167
08049500,793835,32.7625,-96.9944444
08052700,19554.5,33.28344977,-96.8927805
08052745,9971.5,33.2192846,-96.8919475
08057000,1581454,32.7748517,-96.8219464
08057055,1588188,32.7521361,-96.7825528
08057410,1626002,32.70763139,-96.7358319
08062500,2110073,32.42652988,-96.4630415
08065350,3602949,31.33851319,-95.6563407
08068000,214452,30.24465738,-95.4571616
08068500,105931,30.11049517,-95.4363275
08069500,450919,30.02716385,-95.2579888
08070200,100492,30.14523056,-95.1246139
08086212,158767,32.73289717,-99.1406299
08086290,72520,32.64845613,-99.0045146
08108700,10113691,30.6268665,-96.544135
08110075,17845.100000000002,30.54027778,-96.6902778
08110200,10668728,30.359175,-96.1549028
08111500,11364920,30.12910626,-96.1877387
08114000,11682713,29.5824589,-95.7577275
08116650,11742801,29.3496858,-95.5824448
08123850,3861690,32.05374399,-100.762052
08126380,4236722,31.71542973,-100.0264755
08171290,101269,30.00555556,-97.9525
08180800,250453,29.26218286,-98.5814074
08180850,270396,29.24685278,-98.5487944
08181500,341103,29.2641276,-98.4908493
08188060,924630,28.84869444,-97.7371389
08211200,4302249,27.93779594,-97.7758308
08211502,4329962,27.8952986,-97.6288843
08364000,8342390,31.80288488,-106.5408218
08364000,7588700,31.80288488,-106.5408218
08364000,8342390,31.80288488,-106.5408218
08364000,7588700,31.80288488,-106.5408218
08371500,9817654,29.6210127,-104.4810367
08371500,9817654,29.6210127,-104.4810367
08371500,9817654,29.6210127,-104.4810367
08371500,9817654,29.6210127,-104.4810367
08371500,9817654,29.6210127,-104.4810367
08371500,9817654,29.6210127,-104.4810367
08371500,9817654,29.6210127,-104.4810367
08371500,9817654,29.6210127,-104.4810367
08371500,9817654,29.6210127,-104.4810367
08371500,9817654,29.6210127,-104.4810367
08371500,9817654,29.6210127,-104.4810367
08371500,9817654,29.6210127,-104.4810367
08371500,9817654,29.6210127,-104.4810367
08371500,9817654,29.6210127,-104.4810367
08371500,9817654,29.6210127,-104.4810367
08371500,9817654,29.6210127,-104.4810367
08371500,9817654,29.6210127,-104.4810367
08371500,9817654,29.6210127,-104.4810367
08371500,9817654,29.6210127,-104.4810367
08371500,9817654,29.6210127,-104.4810367
08371500,9817654,29.6210127,-104.4810367
08371500,9817654,29.6210127,-104.4810367
08371500,9817654,29.6210127,-104.4810367
08371500,9817654,29.6210127,-104.4810367
08371500,9817654,29.6210127,-104.4810367
08371500,9817654,29.6210127,-104.4810367
08371500,9817654,29.6210127,-104.4810367
08371500,9817654,29.6210127,-104.4810367
08371500,9817654,29.6210127,-104.4810367
08371500,9817654,29.6210127,-104.4810367
08371500,9817654,29.6210127,-104.4810367
08371500,9817654,29.6210127,-104.4810367
08371500,9817654,29.6210127,-104.4810367
08371500,9817654,29.6210127,-104.4810367
08371500,9817654,29.6210127,-104.4810367
08371500,9817654,29.6210127,-104.4810367
08371500,9817654,29.6210127,-104.4810367
08371500,9817654,29.6210127,-104.4810367
08371500,9817654,29.6210127,-104.4810367
08371500,9817654,29.6210127,-104.4810367
08371500,9817654,29.6210127,-104.4810367
08371500,9817654,29.6210127,-104.4810367
08371500,9817654,29.6210127,-104.4810367
08371500,9817654,29.6210127,-104.4810367
08371500,9817654,29.6210127,-104.4810367
08371500,9817654,29.6210127,-104.4810367
08371500,9817654,29.6210127,-104.4810367
08371500,9817654,29.6210127,-104.4810367
08371500,9817654,29.6210127,-104.4810367
08371500,9817654,29.6210127,-104.4810367
08371500,9817654,29.6210127,-104.4810367
08371500,9817654,29.6210127,-104.4810367
08371500,9817654,29.6210127,-104.4810367
08371500,9817654,29.6210127,-104.4810367
08371500,9817654,29.6210127,-104.4810367
08371500,9817654,29.6210127,-104.4810367
08371500,9817654,29.6210127,-104.4810367
08371500,9817654,29.6210127,-104.4810367
08371500,9817654,29.6210127,-104.4810367
08371500,9817654,29.6210127,-104.4810367
08371500,9817654,29.6210127,-104.4810367
08371500,9817654,29.6210127,-104.4810367
08371500,9817654,29.6210127,-104.4810367
08371500,9817654,29.6210127,-104.4810367
08374200,17146577,29.51962973,-104.2865896
08374200,17146577,29.51962973,-104.2865896
08374200,17146577,29.51962973,-104.2865896
08374200,17146577,29.51962973,-104.2865896
08374200,17146577,29.51962973,-104.2865896
08374200,17146577,29.51962973,-104.2865896
08374200,17146577,29.51962973,-104.2865896
08374200,17146577,29.51962973,-104.2865896
08374200,17146577,29.51962973,-104.2865896
08374200,17146577,29.51962973,-104.2865896
08374200,17146577,29.51962973,-104.2865896
08374200,17146577,29.51962973,-104.2865896
08374200,17146577,29.51962973,-104.2865896
08374200,17146577,29.51962973,-104.2865896
08374200,17146577,29.51962973,-104.2865896
08374200,17146577,29.51962973,-104.2865896
08374200,17146577,29.51962973,-104.2865896
08374200,17146577,29.51962973,-104.2865896
08374200,17146577,29.51962973,-104.2865896
08374200,17146577,29.51962973,-104.2865896
08374200,17146577,29.51962973,-104.2865896
08374200,17146577,29.51962973,-104.2865896
08374200,17146577,29.51962973,-104.2865896
08374200,17146577,29.51962973,-104.2865896
08374200,17146577,29.51962973,-104.2865896
08374200,17146577,29.51962973,-104.2865896
08374200,17146577,29.51962973,-104.2865896
08374200,17146577,29.51962973,-104.2865896
08374200,17146577,29.51962973,-104.2865896
08374200,17146577,29.51962973,-104.2865896
08374200,17146577,29.51962973,-104.2865896
08374200,17146577,29.51962973,-104.2865896
08374200,17146577,29.51962973,-104.2865896
08374200,17146577,29.51962973,-104.2865896
08374200,17146577,29.51962973,-104.2865896
08374200,17146577,29.51962973,-104.2865896
08374200,17146577,29.51962973,-104.2865896
08374200,17146577,29.51962973,-104.2865896
08374200,17146577,29.51962973,-104.2865896
08374200,17146577,29.51962973,-104.2865896
08374200,17146577,29.51962973,-104.2865896
08374200,17146577,29.51962973,-104.2865896
08374200,17146577,29.51962973,-104.2865896
08374200,17146577,29.51962973,-104.2865896
08374200,17146577,29.51962973,-104.2865896
08374200,17146577,29.51962973,-104.2865896
08374200,17146577,29.51962973,-104.2865896
08374200,17146577,29.51962973,-104.2865896
08374200,17146577,29.51962973,-104.2865896
08374200,17146577,29.51962973,-104.2865896
08374200,17146577,29.51962973,-104.2865896
08374200,17146577,29.51962973,-104.2865896
08374200,17146577,29.51962973,-104.2865896
08374200,17146577,29.51962973,-104.2865896
08374200,17146577,29.51962973,-104.2865896
08374200,17146577,29.51962973,-104.2865896
08374200,17146577,29.51962973,-104.2865896
08374200,17146577,29.51962973,-104.2865896
08374200,17146577,29.51962973,-104.2865896
08374200,17146577,29.51962973,-104.2865896
08374200,17146577,29.51962973,-104.2865896
08374200,17146577,29.51962973,-104.2865896
08374200,17146577,29.51962973,-104.2865896
08374200,17146577,29.51962973,-104.2865896
08377200,20912178,29.78075694,-101.7559523
08377200,20912178,29.78075694,-101.7559523
08377200,20912178,29.78075694,-101.7559523
08377200,20912178,29.78075694,-101.7559523
08377200,20912178,29.78075694,-101.7559523
08377200,20912178,29.78075694,-101.7559523
08377200,20912178,29.78075694,-101.7559523
08377200,20912178,29.78075694,-101.7559523
08377200,20912178,29.78075694,-101.7559523
08377200,20912178,29.78075694,-101.7559523
08377200,20912178,29.78075694,-101.7559523
08377200,20912178,29.78075694,-101.7559523
08377200,20912178,29.78075694,-101.7559523
08377200,20912178,29.78075694,-101.7559523
08377200,20912178,29.78075694,-101.7559523
08377200,20912178,29.78075694,-101.7559523
08377200,20912178,29.78075694,-101.7559523
08377200,20912178,29.78075694,-101.7559523
08377200,20912178,29.78075694,-101.7559523
08377200,20912178,29.78075694,-101.7559523
08377200,20912178,29.78075694,-101.7559523
08377200,20912178,29.78075694,-101.7559523
08377200,20912178,29.78075694,-101.7559523
08377200,20912178,29.78075694,-101.7559523
08377200,20912178,29.78075694,-101.7559523
08377200,20912178,29.78075694,-101.7559523
08377200,20912178,29.78075694,-101.7559523
08377200,20912178,29.78075694,-101.7559523
08377200,20912178,29.78075694,-101.7559523
08377200,20912178,29.78075694,-101.7559523
08377200,20912178,29.78075694,-101.7559523
08377200,20912178,29.78075694,-101.7559523
08377200,20912178,29.78075694,-101.7559523
08377200,20912178,29.78075694,-101.7559523
08377200,20912178,29.78075694,-101.7559523
08377200,20912178,29.78075694,-101.7559523
08377200,20912178,29.78075694,-101.7559523
08377200,20912178,29.78075694,-101.7559523
08377200,20912178,29.78075694,-101.7559523
08377200,20912178,29.78075694,-101.7559523
08377200,20912178,29.78075694,-101.7559523
08377200,20912178,29.78075694,-101.7559523
08377200,20912178,29.78075694,-101.7559523
08377200,20912178,29.78075694,-101.7559523
08377200,20912178,29.78075694,-101.7559523
08377200,20912178,29.78075694,-101.7559523
08377200,20912178,29.78075694,-101.7559523
08377200,20912178,29.78075694,-101.7559523
08377200,20912178,29.78075694,-101.7559523
08377200,20912178,29.78075694,-101.7559523
08377200,20912178,29.78075694,-101.7559523
08377200,20912178,29.78075694,-101.7559523
08377200,20912178,29.78075694,-101.7559523
08377200,20912178,29.78075694,-101.7559523
08377200,20912178,29.78075694,-101.7559523
08377200,20912178,29.78075694,-101.7559523
08377200,20912178,29.78075694,-101.7559523
08377200,20912178,29.78075694,-101.7559523
08377200,20912178,29.78075694,-101.7559523
08377200,20912178,29.78075694,-101.7559523
08377200,20912178,29.78075694,-101.7559523
08377200,20912178,29.78075694,-101.7559523
08377200,20912178,29.78075694,-101.7559523
08377200,20912178,29.78075694,-101.7559523
08412500,6493130,31.87262648,-103.8315824
08419000,6793570,31.4838611,-103.4901667
08420500,6795124,31.43652327,-103.467395
08437710,8997660,31.3668055,-103.0059908
08446500,9660700,31.11320329,-102.4176419
08447000,10537415,30.65961373,-101.7701244
08447300,10921771,30.314,-101.7415556
08447410,11399885,29.8029823,-101.4462223
08447410,9116800,29.8029823,-101.4462223
08447410,11399885,29.8029823,-101.4462223
08447410,9116800,29.8029823,-101.4462223
08449000,716394,29.96353604,-101.1453849
08462500,43114176,26.40034048,-99.0169745
08470500,122507,26.23527778,-97.5847222
09180000,1186220,38.79720805,-109.1951142
09180500,6241900,38.81054095,-109.2934493
09230300,6526.8,40.99027778,-109.6545278
09234500,5024600,40.90829296,-109.422914
09261000,7681940,40.40940757,-109.2354043
09277500,91427,40.30023027,-110.602381
09302000,981610,40.21027778,-109.7813889
09314280,49469,39.4210793,-110.6462682
09314500,398860,39.26444444,-110.3427778
09315000,11616150,38.9860831,-110.1512475
09328500,421652,38.8583081,-110.3701469
09328910,808857,38.7577611,-110.1435278
09379500,5957000,37.15067778,-109.8666889
09406000,247604,37.2041494,-113.1807789
10126000,1820511,41.5763213,-112.100782
10129900,4506.5999999999995,40.73522634,-111.4760313
10133650,10903.9,40.7238375,-111.5196438
10133800,14814.800000000001,40.75966979,-111.5640912
10133980,28490,40.8695861,-111.5866222
10141000,538979,41.2782765,-112.0918866
01632900,24242.399999999998,38.69345016,-78.6427935
01645762,701.89,38.90888916,-77.3382627
01646000,14970.199999999999,38.97594346,-77.24581439
01654000,6190.0999999999995,38.81289066,-77.2283158
01673000,279202,37.76764189,-77.332201800000007
0167300055,282.31,37.75669444,-77.463
02035000,1619268,37.67097957,-78.0858328
01616100,2849,39.19259167,-78.0686306
01622459,23206.399999999998,38.20227778,-79.15213889
01622464,23672.600000000002,38.2085833,-79.1341944
0162246747,574.98,38.29275,-79.2393611
0162246784,893.5500000000001,38.28538889,-79.2374722
0162588350,914.27,37.9218611,-78.9873056
0162588440,1204.3500000000001,37.9250833,-78.9853333
01636316,5542.5999999999995,39.067025,-78.0037528
01645704,1421.91,38.88469518,-77.3324293
01646305,530.9499999999999,38.95977716,-77.1756743
0165389205,1033.41,38.86624167,-77.2863833
01654500,963.48,38.8109462,-77.2349827
01655794,1344.21,38.67577778,-77.7475556
01656903,1087.8,38.8823899,-77.4319047
01661977,12561.5,38.7244722,-77.9105278
01668000,413105,38.30846178,-77.52915268
0166818623,3703.7000000000003,38.1296111,-77.2321667
0166818985,7252,38.12894444,-77.2235
0201144558,663.04,38.3006111,-79.7805278
0201144806,1370.11,38.2995,-79.7726944
02015729,51023,38.15541667,-79.5964444
02015742,53613,38.12294444,-79.6073611
02020246,4351.2,38.2759722,-79.33538889
02020258,5516.7,38.24416667,-79.3348056
0202848919,655.27,37.8905833,-78.9154444
0202848938,745.92,37.8838611,-78.8993056
02042500,65009,37.43625765,-77.0608027
0205373035,103.60000000000001,37.1870833,-80.1519167
0205373075,178.70999999999998,37.1913611,-80.1440833
0205373228,538.72,37.1731111,-80.1350833
0205373422,890.96,37.16475,-80.1413611
0205450393,66304,37.23430556,-80.19975
0205450495,66563,37.2337222,-80.1967778
02054550,76664,37.27818976,-80.105041
02054750,91168,37.27155556,-80.00788889
0205491522,96089,37.27485876,-79.9800384
0205492550,96866,37.2676369,-79.9672602
0205494935,99456,37.25277778,-79.9433333
02055010,99715,37.25280556,-79.9255
02055080,101010,37.26419444,-79.9154444
02055379,16213.4,37.31405556,-79.9324444
0205551460,1313.13,37.27794444,-79.9375556
0205551614,20202,37.27788889,-79.9093611
0205696042,42476,37.05227778,-79.8268333
0205696095,42735,37.0558333,-79.8254722
02079500,2037294,36.60319824,-78.2977743
0317154954,16886.8,37.3132222,-80.50888889
0317155123,17145.8,37.311,-80.5169444
03171597,5102.3,37.34316667,-80.6195556
0317159760,5231.8,37.33955556,-80.6245556
03520967,8288,37.09650306,-81.740669
03520968,8288,37.09511418,-81.74094679
03520980,227.92,37.09316977,-81.7367801
03520981,235.69,37.0923364,-81.7384468
03524000,138047,36.9448295,-82.1548569
03524500,22584.8,36.92926938,-82.4562619
03524740,212380,36.83138889,-82.4619444
12212050,9790.199999999999,48.9387257,-122.4790532
12213100,203574,48.84483249,-122.5893389
12500450,901061,46.53429376,-120.4672855
12510500,1454285,46.25346748,-119.4780794
12090400,1618.75,47.13454378,-122.4151216
12090500,19114.2,47.14593158,-122.5104019
12098700,106190,47.169824,-122.0026114
12100490,122766,47.27482295,-122.2078967
12101102,124061,47.23555556,-122.236111
12102075,3367,47.19760016,-122.337343
12165800,1942.5,48.2721194,-121.759436
12166000,6993,48.27760727,-121.780411
12169500,1947.6799999999998,48.1753767,-122.2243118
12170000,1657.6000000000001,48.2331551,-122.3262635
12170300,171458,48.2112101,-122.337374
12442500,919450,48.98460109,-119.6184098
01595800,68894,39.4451111,-79.1108056
01608500,378399,39.44703879,-78.6541817
01611500,174825,39.5823158,-78.3097312
03057000,354053,39.4350866,-80.1325789
03058000,26159,39.00452778,-80.4733611
03061000,196581,39.42230818,-80.2759187
03066000,22299.899999999998,39.1270524,-79.4683852
03067510,15565.9,38.6170576,-79.8697849
03179000,102305,37.54400779,-81.0103678
03183500,343952,37.7242874,-80.641468
03185400,1748768,37.95511285,-81.07648838
03191982,340326,38.2267611,-81.1531556
03200500,222222,38.33898309,-81.841518
03214500,330743,37.83731869,-82.4087578
04067958,115773,45.38774406,-88.3051099
04072150,27972,44.53338889,-88.1296944
04080798,10360,44.5244444,-89.3377778
04081000,68635,44.32916667,-88.9958333
04026005,46879,46.70549328,-91.6021304
04026157,8236.2,46.8048333,-91.0930778
04026160,12276.6,46.8547222,-91.0913889
04026561,18259.5,46.3947222,-90.59
04027000,154623,46.4866144,-90.696297
04067500,1017870,45.3258333,-87.6633333
040851385,1639470,44.5286111,-88.01
04085427,136234,44.10616667,-87.7160278
04087119,2667.7000000000003,43.0438333,-88.0051111
04087142,37814,43.03390256,-87.934252
040871488,2937.06,42.9897222,-87.9519444
04087170,225848,43.02444444,-87.8983333
05357205,1087.8,46.0308444,-89.5993944
05357206,984.1999999999999,46.03277778,-89.6077778
05364128,18130,44.9622,-91.230175
05364422,802.9,45.1104333,-91.5382467
053674962,1683.5,45.12713889,-91.6044444
053674967,6060.5999999999995,45.0994444,-91.6511111
05406457,2952.6,43.1097222,-89.6408333
05406469,2615.9,43.12527778,-89.635
05406479,6889.4000000000005,43.1147222,-89.6641667
05406497,10515.4,43.125,-89.7097222
05406500,11810.4,43.13416667,-89.7322222
05429369,1851.8500000000001,42.99951944,-89.3615417
05435943,5257.7,42.97694444,-89.5394444
05435950,21419.3,42.94916667,-89.5441667
05545750,210049,42.61085116,-88.225923
06036905,67599,44.6201833,-110.8635028
06037100,32375,44.6408,-110.8610639
06299980,123802,44.9002493,-107.020905
06306250,92722,44.98386286,-106.8397892
06313500,800310,43.6970861,-106.3061944
06316400,242683,44.4910905,-106.1778075
06324000,287490,44.8716522,-106.0828016
06670500,1182076,42.20052277,-104.5382908
09217000,3626000,41.51635366,-109.4490234
09219200,84019.59999999999,41.39415,-110.2059583
09258050,32634,41.4783333,-107.6025
09258980,310800,41.06815856,-107.6315964
13013650,434343,43.65405556,-110.7154722
