site_code,start_date,parm_cd
023432415,2022-05-25T18:45:00Z,00095
02397530,2022-05-25T18:00:00Z,00095
02419890,2019-10-18T16:00:00Z,00095
02423130,2022-05-11T16:00:00Z,00095
02423160,2022-05-25T18:15:00Z,00095
02423380,2022-05-25T18:00:00Z,00095
02423397,2022-05-25T18:00:00Z,00095
02423496,2022-05-25T18:00:00Z,00095
0242354650,2022-05-25T18:00:00Z,00095
02423571,2022-05-25T18:00:00Z,00095
02423586,2022-05-25T18:00:00Z,00095
02455980,2022-05-25T18:00:00Z,00095
02457595,2022-05-25T18:00:00Z,00095
02458148,2022-05-25T18:00:00Z,00095
02458450,2022-05-25T18:00:00Z,00095
02458502,2022-05-25T18:00:00Z,00095
02461130,2022-05-25T18:15:00Z,00095
02461192,2022-05-25T18:15:00Z,00095
02461405,2022-05-25T18:00:00Z,00095
15008000,2022-05-25T18:45:00Z,00095
15015595,2022-05-25T18:00:00Z,00095
15024800,2022-05-25T18:15:00Z,00095
15041200,2022-05-25T19:00:00Z,00095
15129120,2022-05-25T18:45:00Z,00095
15209700,2021-09-19T09:45:00Z,00095
15236900,2022-05-25T18:00:00Z,00095
15298040,2017-10-03T18:30:00Z,00095
15304010,2022-05-25T18:45:00Z,00095
09380000,2022-05-25T19:00:00Z,00095
07047932,2022-05-25T18:45:00Z,00095
07047942,2022-05-25T18:00:00Z,00095
07048495,2022-05-25T18:15:00Z,00095
07048550,2022-05-25T18:30:00Z,00095
07048600,2022-05-25T19:00:00Z,00095
07049000,2022-05-25T18:00:00Z,00095
07055814,2017-04-30T01:30:00Z,00095
07075250,2019-07-22T15:00:00Z,00095
07075270,2022-05-25T18:15:00Z,00095
07077380,2022-05-25T18:45:00Z,00095
07077500,2022-05-25T18:15:00Z,00095
07194880,2022-05-25T18:45:00Z,00095
07194933,2022-05-25T18:45:00Z,00095
07257500,2015-10-23T04:45:00Z,00095
07263296,2022-05-25T18:45:00Z,00095
072632966,2022-05-25T18:15:00Z,00095
07264000,2022-05-25T18:45:00Z,00095
07264200,2022-05-25T18:00:00Z,00095
07264500,2022-05-25T18:45:00Z,00095
07364130,2022-05-25T18:15:00Z,00095
07364133,2020-06-19T15:30:00Z,00095
09429490,2022-05-25T18:00:00Z,00095
10260500,2022-05-25T19:00:00Z,00095
10260950,2022-01-20T22:00:00Z,00095
10261500,2022-05-25T18:45:00Z,00095
10265150,2018-10-17T22:15:00Z,00095
10343500,2016-11-02T07:45:00Z,00095
11044000,2022-05-25T18:00:00Z,00095
11046062,2010-12-07T07:00:00Z,00095
11046072,2010-12-09T07:00:00Z,00095
11046102,2010-12-09T07:00:00Z,00095
11046252,2010-11-18T07:00:00Z,00095
11046372,2010-11-18T07:00:00Z,00095
11074000,2022-05-25T18:45:00Z,00095
11092450,2021-07-22T21:45:00Z,00095
11125600,2015-12-02T07:45:00Z,00095
11125605,2022-05-25T18:45:00Z,00095
11126000,2022-05-25T18:45:00Z,00095
11126400,2022-05-10T21:00:00Z,00095
11128500,2022-05-16T09:45:00Z,00095
11133000,2022-05-11T21:45:00Z,00095
11173200,2022-05-25T19:00:00Z,00095
11176900,2022-05-25T18:30:00Z,00095
11203580,2022-05-25T18:45:00Z,00095
11204100,2022-05-25T18:30:00Z,00095
11251000,2022-05-25T18:30:00Z,00095
11254000,2021-12-08T21:15:00Z,00095
11261500,2022-05-25T19:00:00Z,00095
11273400,2022-05-25T18:30:00Z,00095
11274500,2022-05-25T18:15:00Z,00095
11274550,2022-05-25T18:30:00Z,00095
11274790,2022-05-25T18:45:00Z,00095
11285500,2016-10-03T06:45:00Z,00095
11290000,2022-05-25T18:45:00Z,00095
11303000,2022-05-25T18:45:00Z,00095
11425500,2017-07-01T08:00:00Z,00095
11453590,2021-05-19T17:45:00Z,00095
11458370,2005-08-27T08:00:00Z,00095
11458370,2005-10-07T17:15:00Z,00095
11458433,2022-05-25T19:00:00Z,00095
11461500,2022-05-25T18:15:00Z,00095
11462500,2022-05-25T18:45:00Z,00095
11463682,2022-05-25T18:00:00Z,00095
11463980,2022-05-25T18:15:00Z,00095
11465240,2021-11-01T07:45:00Z,00095
11466800,2018-05-01T08:00:00Z,00095
11467000,2022-05-25T18:15:00Z,00095
401530105475401,2022-05-25T18:50:00Z,99136
06711565,2022-05-25T18:15:00Z,00095
07086000,2022-05-25T18:45:00Z,00095
07096000,2022-05-25T18:15:00Z,00095
07097000,2022-05-25T18:30:00Z,00095
07099400,2022-05-25T18:15:00Z,00095
07099969,2022-05-25T18:45:00Z,00095
07099970,2022-05-25T18:45:00Z,00095
07106000,2022-05-25T18:00:00Z,00095
07106500,2022-05-25T18:15:00Z,00095
07109500,2022-05-25T19:00:00Z,00095
07119700,2022-05-25T18:15:00Z,00095
07120500,2022-05-25T18:15:00Z,00095
07124000,2022-05-25T18:45:00Z,00095
07126300,2022-05-25T18:30:00Z,00095
07126485,2022-05-25T18:30:00Z,00095
07130500,2022-05-25T19:00:00Z,00095
09010500,2022-05-25T18:45:00Z,00095
09013500,2021-10-22T20:30:00Z,00095
09014050,2022-05-25T18:40:00Z,00095
09019500,2022-05-25T19:05:00Z,00095
09020500,2022-05-25T18:30:00Z,00095
09027100,2022-05-25T18:15:00Z,00095
09034250,2022-05-25T18:45:00Z,00095
09037500,2022-05-25T18:30:00Z,00095
09040500,2022-05-25T18:30:00Z,00095
09041090,2022-05-25T18:30:00Z,00095
09041400,2022-05-25T18:30:00Z,00095
09058000,2022-05-25T18:15:00Z,00095
09060799,2022-05-25T18:30:00Z,00095
09063000,2017-10-03T16:00:00Z,00095
09064600,2018-09-06T20:00:00Z,00095
09065500,2017-10-02T18:00:00Z,00095
09066325,2018-09-06T17:00:00Z,00095
09066510,2022-05-23T17:15:00Z,00095
09070500,2022-05-25T19:00:00Z,00095
09071750,2022-05-25T18:30:00Z,00095
09085000,2022-05-25T18:45:00Z,00095
09085150,2022-05-25T18:15:00Z,00095
09095500,2022-05-25T19:00:00Z,00095
09105000,2016-10-06T05:45:00Z,00095
09110000,2022-05-25T18:00:00Z,00095
09114500,2022-05-25T18:15:00Z,00095
09119000,2022-05-25T18:30:00Z,00095
09124500,2022-05-25T18:45:00Z,00095
09136100,2022-05-25T18:15:00Z,00095
09144250,2022-05-25T18:15:00Z,00095
09147500,2022-05-25T18:15:00Z,00095
09149500,2022-05-25T18:15:00Z,00095
09152500,2022-05-25T18:30:00Z,00095
09153270,2022-05-25T18:15:00Z,00095
09163500,2022-05-25T18:45:00Z,00095
09169500,2022-05-25T18:15:00Z,00095
09171100,2022-05-25T18:45:00Z,00095
09251000,2022-05-25T18:15:00Z,00095
09304800,2013-11-20T06:45:00Z,00095
09306200,2013-11-19T06:45:00Z,00095
09306222,2015-10-01T05:45:00Z,00095
09306224,2011-11-21T06:45:00Z,00095
09306255,2015-10-01T05:45:00Z,00095
09306290,2013-11-21T06:45:00Z,00095
09358000,2022-05-25T19:00:00Z,00095
09358550,2022-05-25T19:00:00Z,00095
09359010,2022-05-25T18:30:00Z,00095
09359020,2022-05-25T19:00:00Z,00095
09361500,2022-05-25T18:30:00Z,00095
09363500,2022-05-25T18:00:00Z,00095
09371010,2022-05-25T18:00:00Z,00095
09371492,2022-05-25T18:45:00Z,00095
09371520,2022-05-25T18:30:00Z,00095
383926107593001,2022-05-25T19:00:00Z,00095
385106106571000,2022-05-25T19:00:00Z,00095
391953108130201,2022-05-25T18:15:00Z,00095
394220106431500,2022-05-25T18:15:00Z,00095
401530105475401,2022-05-25T18:50:00Z,00095
01184000,2022-05-25T18:00:00Z,99133
01124000,2017-09-28T15:00:00Z,00095
01125100,2022-05-25T18:45:00Z,00095
01127500,2022-05-25T18:45:00Z,00095
011277905,2012-10-01T04:45:00Z,00095
01184000,2022-05-25T18:00:00Z,00095
01184490,2022-05-25T18:45:00Z,00095
01186500,2018-10-10T14:30:00Z,00095
01191000,2022-05-25T18:00:00Z,00095
01192500,2017-10-19T14:15:00Z,00095
01193348,2015-05-08T04:45:00Z,00095
01193463,2015-09-25T04:45:00Z,00095
01193500,2018-10-02T13:45:00Z,00095
01195510,2018-09-17T16:30:00Z,00095
01196222,2018-09-17T14:15:00Z,00095
01196500,2022-05-25T19:00:00Z,00095
01196528,2018-09-25T14:00:00Z,00095
01200600,2018-10-11T16:00:00Z,00095
01201487,2022-05-25T18:45:00Z,00095
01203000,2017-09-27T17:45:00Z,00095
01205500,2018-10-11T13:30:00Z,00095
01205890,2018-07-23T04:45:00Z,00095
01208350,2018-09-21T14:45:00Z,00095
01208500,2018-09-21T16:45:00Z,00095
01208873,2022-05-25T19:00:00Z,00095
01208990,2017-09-28T16:45:00Z,00095
01478000,2022-05-25T18:15:00Z,00095
01478650,2022-05-25T18:15:00Z,00095
01478950,2022-05-25T18:30:00Z,00095
01479000,2022-05-25T18:15:00Z,00095
01480000,2022-05-25T18:45:00Z,00095
01481500,2022-05-25T18:15:00Z,00095
01483155,2022-05-25T19:00:00Z,00095
01483700,2022-05-25T18:15:00Z,00095
01484100,2022-05-25T19:00:00Z,00095
01484525,2022-05-25T18:15:00Z,00095
01487150,2015-08-25T04:45:00Z,00095
01648010,2020-03-17T18:10:00Z,99133
01648010,2021-10-01T13:40:00Z,00095
01648010,2022-05-25T18:35:00Z,00095
01651770,2022-05-25T18:38:00Z,00095
01651800,2022-05-25T18:38:00Z,00095
02249500,2016-09-13T03:45:00Z,99133
02250030,2016-08-10T18:30:00Z,99133
02322700,2022-05-25T18:45:00Z,99133
02322800,2016-10-01T03:45:00Z,99133
02231291,2016-09-09T03:45:00Z,00095
02232400,2022-05-25T18:15:00Z,00095
02234000,2021-10-01T05:15:00Z,00095
02234500,2016-10-01T04:45:00Z,00095
02236000,2016-10-12T03:45:00Z,00095
02236125,2016-10-01T03:45:00Z,00095
02244040,2022-05-25T18:15:00Z,00095
02245260,2016-10-01T03:45:00Z,00095
02246459,2022-05-25T19:00:00Z,00095
02246500,2022-05-25T18:00:00Z,00095
02264000,2022-05-25T18:00:00Z,00095
02264051,2022-05-25T18:00:00Z,00095
02264100,2022-05-25T18:00:00Z,00095
02266200,2022-05-25T18:30:00Z,00095
02266291,2022-05-25T18:00:00Z,00095
02266300,2022-05-25T18:45:00Z,00095
02266495,2022-05-25T18:30:00Z,00095
02297100,2016-10-05T04:45:00Z,00095
02297350,2022-05-25T18:15:00Z,00095
02297460,2022-04-26T14:15:00Z,00095
02297635,2016-10-03T03:45:00Z,00095
02298124,2016-10-15T04:45:00Z,00095
02298170,2016-10-03T03:45:00Z,00095
02298202,2022-05-25T19:00:00Z,00095
02298492,2011-10-05T03:45:00Z,00095
02299230,2014-10-09T04:45:00Z,00095
02299496,2014-10-10T03:45:00Z,00095
02299727,2013-10-22T04:45:00Z,00095
02299727,2022-05-25T18:00:00Z,00095
023000095,2022-05-25T18:15:00Z,00095
02301500,2022-05-25T18:00:00Z,00095
02301638,2015-10-09T04:00:00Z,00095
02301638,2020-05-27T15:30:00Z,00095
02301718,2022-05-25T19:00:00Z,00095
02301719,2015-10-09T03:45:00Z,00095
02301721,2015-10-16T03:45:00Z,00095
02301721,2022-05-25T18:45:00Z,00095
02304000,2022-05-25T18:45:00Z,00095
02304510,2022-05-25T18:15:00Z,00095
02304517,2022-05-25T18:30:00Z,00095
02304520,2012-10-19T03:45:00Z,00095
02304520,2014-10-03T04:45:00Z,00095
023060013,2022-05-25T18:30:00Z,00095
02306028,2022-05-25T18:00:00Z,00095
02310308,2022-05-25T18:15:00Z,00095
02310673,2022-05-25T18:15:00Z,00095
02310674,2022-05-25T19:00:00Z,00095
02310742,2022-05-25T18:30:00Z,00095
02313700,2022-05-25T18:00:00Z,00095
02315550,2022-05-25T18:15:00Z,00095
02317620,2022-05-25T18:00:00Z,00095
02319000,2022-05-25T18:30:00Z,00095
02319394,2022-05-25T18:00:00Z,00095
02319800,2022-05-25T19:00:00Z,00095
02320000,2022-05-25T18:00:00Z,00095
02320500,2022-05-25T19:00:00Z,00095
02321500,2022-05-25T18:15:00Z,00095
02321975,2022-05-25T18:45:00Z,00095
02322500,2022-05-25T18:45:00Z,00095
02322700,2022-05-25T18:45:00Z,00095
02322800,2022-05-25T19:00:00Z,00095
02323000,2022-05-25T18:00:00Z,00095
02323592,2022-05-25T18:45:00Z,00095
02324170,2022-05-25T18:30:00Z,00095
02326993,2017-10-18T12:30:00Z,00095
02327033,2017-10-17T12:00:00Z,00095
02358000,2022-05-25T19:00:00Z,00095
02359170,2022-05-25T18:45:00Z,00095
02203603,2022-05-25T18:15:00Z,00095
02203655,2022-05-25T18:15:00Z,00095
02203700,2022-05-25T18:15:00Z,00095
02203831,2022-05-25T19:00:00Z,00095
02203863,2022-05-25T18:15:00Z,00095
02203873,2022-05-25T18:30:00Z,00095
02203900,2022-05-25T19:00:00Z,00095
02203950,2022-05-25T18:15:00Z,00095
02203960,2022-05-25T18:30:00Z,00095
02204037,2022-05-25T18:30:00Z,00095
02205000,2022-05-25T18:45:00Z,00095
02205865,2022-05-25T18:15:00Z,00095
02206500,2022-05-25T18:15:00Z,00095
02207120,2022-05-25T18:45:00Z,00095
02207135,2022-05-25T18:30:00Z,00095
02207160,2022-05-25T18:45:00Z,00095
02207185,2022-05-25T18:45:00Z,00095
02207385,2022-05-25T18:00:00Z,00095
02207400,2022-05-25T18:00:00Z,00095
02208150,2022-05-25T18:45:00Z,00095
02208450,2022-05-25T19:00:00Z,00095
02208493,2022-05-25T19:00:00Z,00095
02217274,2022-05-25T18:15:00Z,00095
02217643,2022-05-25T19:00:00Z,00095
02218565,2022-05-25T18:00:00Z,00095
02318500,2022-05-25T19:00:00Z,00095
02334480,2022-05-25T18:30:00Z,00095
02334578,2022-05-25T18:15:00Z,00095
02334885,2022-05-25T18:15:00Z,00095
02335000,2022-05-25T18:15:00Z,00095
02335350,2022-05-25T18:45:00Z,00095
02335880,2022-05-25T18:30:00Z,00095
02336000,2022-05-25T18:45:00Z,00095
02336030,2022-05-25T18:00:00Z,00095
02336120,2022-05-25T18:15:00Z,00095
02336152,2022-05-25T18:15:00Z,00095
023362095,2022-05-25T19:00:00Z,00095
02336240,2022-05-25T18:15:00Z,00095
02336300,2022-05-25T19:00:00Z,00095
02336313,2022-05-25T18:30:00Z,00095
02336340,2022-05-25T18:30:00Z,00095
02336360,2022-05-25T18:15:00Z,00095
02336410,2022-05-25T18:15:00Z,00095
02336526,2022-05-25T18:15:00Z,00095
02336728,2022-05-25T18:15:00Z,00095
02337170,2022-05-25T18:45:00Z,00095
02337410,2022-05-25T18:15:00Z,00095
02343805,2022-05-25T18:45:00Z,00095
02344630,2022-05-25T19:00:00Z,00095
02344673,2022-05-24T00:30:00Z,00095
02356000,2022-05-25T18:45:00Z,00095
02357150,2022-05-25T18:30:00Z,00095
02388975,2022-05-25T18:45:00Z,00095
02389150,2022-05-25T19:00:00Z,00095
02413210,2022-05-25T19:00:00Z,00095
12413360,2013-10-30T06:45:00Z,00095
12413370,2021-10-27T17:30:00Z,00095
12413445,2014-11-17T08:00:00Z,00095
13093383,2022-05-25T18:30:00Z,00095
13093384,2021-01-01T03:30:00Z,00095
13207500,2012-07-10T05:45:00Z,00095
13213000,2018-10-17T14:15:00Z,00095
13213100,2010-10-19T06:45:00Z,00095
13311000,2022-05-25T19:00:00Z,00095
03336890,2022-05-25T18:45:00Z,99133
03338780,2022-05-25T18:15:00Z,99133
03339000,2022-05-25T18:45:00Z,99133
03343820,2016-10-15T05:45:00Z,99133
03346500,2022-05-25T18:00:00Z,99133
03381495,2022-05-25T18:00:00Z,99133
03612600,2021-02-22T21:30:00Z,99133
05420400,2022-05-25T18:15:00Z,99133
05446500,2022-05-25T18:00:00Z,99133
05447500,2022-05-25T18:00:00Z,99133
05537980,2022-05-25T18:30:00Z,99133
05543010,2022-05-25T18:45:00Z,99133
05553700,2022-05-25T18:00:00Z,99133
05554300,2018-12-20T05:45:00Z,99133
05557500,2013-07-03T05:45:00Z,99133
05567500,2022-05-25T18:00:00Z,99133
05575550,2014-12-12T05:45:00Z,99133
05576100,2022-05-25T18:30:00Z,99133
05576195,2022-05-25T18:30:00Z,99133
05579610,2015-07-08T05:55:00Z,99133
05579620,2015-07-15T05:55:00Z,99133
05579624,2015-06-26T05:45:00Z,99133
05579630,2015-07-15T05:45:00Z,99133
05586300,2022-05-25T18:30:00Z,99133
05595000,2022-05-25T18:00:00Z,99133
05599490,2022-05-25T18:00:00Z,99133
03339000,2021-10-05T15:45:00Z,00095
03343805,2016-10-15T05:45:00Z,00095
03346500,2021-10-19T12:00:00Z,00095
03381495,2019-07-19T16:45:00Z,00095
03612600,2022-05-25T19:00:00Z,00095
05420400,2022-05-25T18:15:00Z,00095
05446500,2020-12-18T17:45:00Z,00095
05447500,2021-10-20T17:45:00Z,00095
05536995,2022-05-25T18:00:00Z,00095
05537980,2022-05-25T18:30:00Z,00095
05538010,2017-05-25T15:45:00Z,00095
05539670,2022-05-25T18:00:00Z,00095
05543010,2022-05-25T18:45:00Z,00095
05549500,2022-05-25T18:00:00Z,00095
05550001,2022-05-25T18:30:00Z,00095
05551580,2016-11-15T05:45:00Z,00095
05553700,2022-04-12T18:45:00Z,00095
05553700,2022-05-25T18:00:00Z,00095
05558300,2022-05-25T18:45:00Z,00095
05567500,2022-05-25T18:00:00Z,00095
05576100,2022-05-25T18:30:00Z,00095
05576195,2022-05-25T18:30:00Z,00095
05578100,2022-05-25T18:30:00Z,00095
05578250,2020-08-08T12:30:00Z,00095
05579620,2015-07-16T05:45:00Z,00095
05579630,2015-07-15T05:45:00Z,00095
05586300,2022-05-25T18:30:00Z,00095
05595000,2021-10-06T20:30:00Z,00095
05599490,2021-10-06T18:00:00Z,00095
03275500,2022-05-25T18:15:00Z,99133
03276000,2018-03-09T13:15:00Z,99133
03340900,2018-02-15T16:00:00Z,99133
03353415,2022-05-25T18:15:00Z,99133
03353420,2022-05-25T18:45:00Z,99133
03374100,2022-05-25T18:45:00Z,99133
03378500,2022-05-25T17:45:00Z,99133
04182867,2015-12-10T04:45:00Z,99133
05515500,2022-05-25T19:00:00Z,99133
05517500,2022-05-25T19:00:00Z,99133
05518000,2022-05-25T18:15:00Z,99133
05524500,2022-05-25T18:45:00Z,99133
03353200,2022-05-25T18:45:00Z,99137
03275500,2022-05-25T18:00:00Z,00095
03276000,2018-03-09T13:15:00Z,00095
03303280,2021-11-09T17:15:00Z,00095
03340900,2018-03-12T15:15:00Z,00095
03353200,2022-05-25T18:45:00Z,00095
03353415,2022-05-25T18:15:00Z,00095
03353420,2022-05-25T18:45:00Z,00095
03374100,2022-05-25T18:45:00Z,00095
03378500,2022-05-25T17:45:00Z,00095
04093176,2020-08-14T19:00:00Z,00095
04182867,2015-11-15T04:45:00Z,00095
04183038,2022-05-25T18:15:00Z,00095
05515500,2022-05-25T18:45:00Z,00095
05517500,2022-05-25T19:00:00Z,00095
05518000,2020-08-17T15:45:00Z,00095
05518000,2022-05-25T18:15:00Z,00095
05524500,2022-05-25T18:45:00Z,00095
05412500,2022-05-25T18:15:00Z,99133
05418110,2014-11-13T05:45:00Z,99133
05418400,2013-06-16T04:45:00Z,99133
05418400,2014-11-12T20:45:00Z,99133
05418720,2018-10-23T14:30:00Z,99133
05420500,2021-08-02T18:45:00Z,99133
05420500,2021-11-29T01:15:00Z,99133
05451210,2011-11-29T05:45:00Z,99133
05455100,2015-10-31T04:45:00Z,99133
05464420,2022-05-25T18:15:00Z,99133
05464475,2022-05-25T18:30:00Z,99133
05464500,2012-10-01T05:00:00Z,99133
05465500,2022-05-25T19:00:00Z,99133
05480603,2014-10-03T04:45:00Z,99133
05480986,2013-08-21T04:45:00Z,99133
05481000,2019-11-05T04:15:00Z,99133
05482000,2022-05-25T18:15:00Z,99133
05482300,2022-05-25T18:15:00Z,99133
05482500,2022-05-25T18:30:00Z,99133
05483600,2015-11-10T15:00:00Z,99133
05484000,2022-05-25T18:45:00Z,99133
05484500,2022-05-25T19:00:00Z,99133
06603750,2017-10-04T20:00:00Z,99133
06604440,2015-10-01T05:00:00Z,99133
06808500,2022-05-25T19:00:00Z,99133
06817000,2022-05-25T18:30:00Z,99133
05418400,2013-08-07T04:59:00Z,00095
05420500,2021-08-02T19:00:00Z,00095
05422405,2018-04-24T15:30:00Z,00095
05422410,2018-04-08T04:00:00Z,00095
05451080,2009-06-02T04:30:00Z,00095
05451210,2011-11-29T05:45:00Z,00095
05464420,2022-05-25T18:15:00Z,00095
05474500,2022-05-25T18:45:00Z,00095
05490500,2021-10-12T22:37:00Z,00095
06601200,2007-11-21T05:30:00Z,00095
06610505,2022-05-25T18:45:00Z,00095
06889110,2022-05-25T18:30:00Z,99133
06892350,2022-05-25T18:15:00Z,99133
06892513,2019-01-13T13:15:00Z,99133
07143672,2022-05-25T17:00:00Z,99133
07144100,2022-05-25T18:45:00Z,99133
07144780,2018-10-12T11:00:00Z,99133
06856600,2022-05-25T18:30:00Z,00095
06887000,2020-10-14T16:30:00Z,00095
06887500,2014-06-10T04:45:00Z,00095
06887500,2022-05-25T18:45:00Z,00095
06888990,2022-05-25T18:15:00Z,00095
06889110,2022-05-25T18:30:00Z,00095
06889160,2022-05-25T18:30:00Z,00095
06892350,2014-06-10T04:45:00Z,00095
06892350,2022-05-25T18:15:00Z,00095
06892495,2021-01-05T21:45:00Z,00095
06892513,2021-01-05T17:00:00Z,00095
06892518,2022-05-25T18:45:00Z,00095
06893100,2022-01-12T16:30:00Z,00095
06893300,2013-07-10T04:45:00Z,00095
06893350,2013-08-05T04:45:00Z,00095
06893390,2014-09-24T04:45:00Z,00095
06893390,2020-02-03T19:30:00Z,00095
07137500,2022-05-25T18:15:00Z,00095
07143672,2017-01-24T05:00:00Z,00095
07143672,2022-05-25T18:00:00Z,00095
07144100,2015-03-11T04:00:00Z,00095
07144100,2015-06-28T04:00:00Z,00095
07144100,2022-05-25T18:45:00Z,00095
07144780,2015-11-13T05:00:00Z,00095
07144780,2022-05-25T18:15:00Z,00095
07179750,2020-07-01T15:15:00Z,00095
07182250,2009-05-19T04:45:00Z,00095
07182250,2021-06-30T14:45:00Z,00095
07182390,2015-11-12T05:45:00Z,00095
07182390,2022-05-25T18:15:00Z,00095
07182510,2015-10-22T04:45:00Z,00095
07182510,2022-05-25T18:45:00Z,00095
07183000,2015-10-29T04:45:00Z,00095
07183500,2015-11-05T05:45:00Z,00095
385446094430700,2013-07-10T04:45:00Z,00095
385520094420000,2013-07-10T04:45:00Z,00095
385608094380300,2013-07-11T04:45:00Z,00095
03254520,2022-05-25T05:00:00Z,99133
03290500,2022-05-25T18:30:00Z,99133
03302060,2022-05-25T18:30:00Z,99133
03311000,2017-12-27T13:15:00Z,99133
03321500,2022-05-16T22:00:00Z,99133
03238140,2016-10-04T03:45:00Z,00095
03238745,2016-10-04T03:45:00Z,00095
03238772,2016-10-05T03:45:00Z,00095
03254480,2013-10-01T04:45:00Z,00095
03254520,2022-05-25T18:30:00Z,00095
03254550,2013-10-01T04:45:00Z,00095
03254693,2017-10-19T19:00:00Z,00095
03260015,2014-10-01T04:45:00Z,00095
03260050,2014-10-01T04:45:00Z,00095
03260100,2014-10-01T04:45:00Z,00095
03262001,2014-10-01T04:45:00Z,00095
03277075,2015-10-01T04:00:00Z,00095
03277130,2015-10-01T04:00:00Z,00095
03277200,2022-05-25T18:45:00Z,00095
03277200,2022-05-25T18:55:00Z,00095
03284533,2020-07-30T15:00:00Z,00095
03284552,2019-07-16T18:00:00Z,00095
03287590,2022-05-25T19:00:00Z,00095
03288180,2017-06-25T12:20:00Z,00095
03289000,2013-10-01T04:45:00Z,00095
03289200,2021-07-20T14:45:00Z,00095
03290500,2022-05-25T18:30:00Z,00095
03292470,2022-05-25T18:15:00Z,00095
03292474,2022-05-25T18:30:00Z,00095
03292475,2022-05-25T18:30:00Z,00095
03292480,2022-05-25T17:15:00Z,00095
03292500,2022-05-25T18:45:00Z,00095
03292555,2022-05-25T18:15:00Z,00095
03292900,2022-05-25T18:15:00Z,00095
03293000,2022-05-25T18:45:00Z,00095
03293500,2022-05-25T18:15:00Z,00095
03293510,2022-05-25T18:45:00Z,00095
03293530,2022-05-25T18:45:00Z,00095
03294570,2022-05-25T18:15:00Z,00095
03297800,2022-05-25T18:15:00Z,00095
03297900,2022-05-25T18:45:00Z,00095
03298000,2022-05-25T18:15:00Z,00095
03298135,2022-05-25T18:45:00Z,00095
03298150,2022-05-25T18:45:00Z,00095
03298200,2022-05-25T18:15:00Z,00095
03298250,2022-05-25T18:15:00Z,00095
03298300,2022-05-25T18:15:00Z,00095
03301900,2022-05-25T18:15:00Z,00095
03301940,2022-05-25T18:15:00Z,00095
03302000,2022-05-25T18:15:00Z,00095
03302030,2022-05-25T18:15:00Z,00095
03302050,2022-05-25T18:15:00Z,00095
03302060,2022-05-25T18:30:00Z,00095
03311000,2018-01-31T05:45:00Z,00095
03321500,2022-05-25T18:15:00Z,00095
03400800,2022-05-25T18:30:00Z,00095
03410590,2017-08-03T15:00:00Z,00095
07374000,2022-05-25T18:00:00Z,99133
07374000,2022-05-25T18:00:00Z,00095
01018035,2019-10-08T18:30:00Z,00095
01021050,2021-10-01T05:00:00Z,00095
01036390,2013-10-01T03:00:00Z,00095
01493112,2019-11-04T13:00:00Z,99133
01579550,2021-09-08T14:15:00Z,99133
01579550,2022-05-25T19:00:00Z,99133
01646500,2019-06-11T15:00:00Z,99133
01646500,2022-05-25T19:00:00Z,99133
01493112,2019-11-04T15:30:00Z,00095
01579550,2022-05-25T19:05:00Z,00095
01581752,2022-05-22T21:35:00Z,00095
01585075,2022-05-25T19:05:00Z,00095
01585219,2022-05-25T18:50:00Z,00095
01589290,2022-05-25T18:50:00Z,00095
01636845,2020-07-06T12:40:00Z,00095
01636846,2020-07-01T13:55:00Z,00095
01638500,2022-05-25T18:45:00Z,00095
01642198,2022-05-25T18:35:00Z,00095
01642199,2022-05-25T19:10:00Z,00095
01646500,2019-05-27T20:00:00Z,00095
01646500,2019-10-01T16:45:00Z,00095
01646500,2022-05-25T18:45:00Z,00095
01649190,2022-05-25T19:05:00Z,00095
01649500,2022-05-25T19:05:00Z,00095
01650800,2022-05-25T19:05:00Z,00095
01651000,2022-05-25T18:30:00Z,00095
01651730,2022-05-25T19:00:00Z,00095
01658000,2011-06-27T04:45:00Z,00095
01161280,2022-05-25T19:00:00Z,99133
01095220,2022-05-25T18:30:00Z,00095
01095375,2022-05-25T18:30:00Z,00095
01095434,2022-05-25T18:20:00Z,00095
010965305,2020-08-31T14:45:00Z,00095
01100475,2020-07-27T15:30:00Z,00095
01100671,2020-09-29T20:00:00Z,00095
01104370,2022-05-25T18:40:00Z,00095
01104405,2022-05-25T18:40:00Z,00095
01104410,2022-05-25T18:30:00Z,00095
01104415,2022-05-25T18:30:00Z,00095
01104420,2022-05-25T18:30:00Z,00095
01104430,2022-05-25T18:45:00Z,00095
01104430,2022-05-25T19:00:00Z,00095
01104433,2007-10-17T03:55:00Z,00095
01104453,2022-05-25T18:40:00Z,00095
01104455,2022-05-25T18:40:00Z,00095
01104460,2022-05-25T18:40:00Z,00095
01104475,2022-05-25T18:30:00Z,00095
01104480,2016-10-19T04:45:00Z,00095
01108000,2020-10-05T13:30:00Z,00095
01108410,2020-10-05T15:15:00Z,00095
01111230,2014-10-01T05:00:00Z,00095
01161280,2022-02-23T16:15:00Z,00095
01168250,2022-05-25T18:30:00Z,00095
04165500,2022-01-19T20:03:00Z,99133
04166500,2022-05-25T19:02:00Z,99133
04168400,2022-05-25T18:03:00Z,99133
04040000,2022-05-25T18:15:00Z,00095
04043097,2022-05-25T18:30:00Z,00095
04043126,2013-10-01T04:45:00Z,00095
04043140,2013-10-01T04:45:00Z,00095
04043150,2013-10-01T04:45:00Z,00095
04043238,2020-07-30T13:45:00Z,00095
04043244,2022-05-25T19:00:00Z,00095
04043275,2017-01-25T04:45:00Z,00095
04057801,2022-05-25T19:00:00Z,00095
04059500,2022-05-25T19:00:00Z,00095
04101500,2022-05-25T19:00:00Z,00095
04108660,2022-05-25T19:00:00Z,00095
04118564,2022-05-25T19:00:00Z,00095
04118997,2022-05-25T19:01:00Z,00095
04119400,2022-05-25T18:48:00Z,00095
04142000,2022-05-25T18:15:00Z,00095
04144032,2019-04-08T12:15:00Z,00095
041482663,2019-04-08T15:30:00Z,00095
04157005,2022-05-25T19:00:00Z,00095
04161820,2022-05-25T19:00:00Z,00095
04165500,2022-05-25T19:00:00Z,00095
04166500,2022-05-25T18:45:00Z,00095
04167150,2016-10-01T04:45:00Z,00095
04168400,2022-05-25T19:00:00Z,00095
04174500,2013-10-01T04:45:00Z,00095
04175120,2016-10-01T04:45:00Z,00095
04176500,2022-05-25T18:45:00Z,00095
05374900,2020-10-21T22:45:00Z,99133
05457000,2019-11-13T15:15:00Z,99133
04024000,2022-05-25T19:00:00Z,00095
05288580,2022-05-25T18:50:00Z,00095
05288705,2022-05-25T19:00:00Z,00095
05289800,2022-05-25T19:00:00Z,00095
07289000,2021-10-21T16:00:00Z,99133
02480285,2022-05-25T18:45:00Z,00095
02481960,2018-06-08T13:30:00Z,00095
02481961,2018-06-08T14:00:00Z,00095
02481962,2018-06-08T01:00:00Z,00095
02481970,2018-06-08T13:30:00Z,00095
02481984,2018-06-08T15:00:00Z,00095
02481998,2018-06-08T13:30:00Z,00095
07288500,2022-05-25T18:30:00Z,00095
0728875070,2017-03-08T17:30:00Z,00095
301141089320300,2022-05-25T18:45:00Z,00095
06818000,2022-05-25T19:00:00Z,99133
06899900,2022-05-25T19:00:00Z,99133
06900050,2022-05-25T18:30:00Z,99133
06901500,2022-05-25T18:00:00Z,99133
06902000,2018-10-07T22:15:00Z,99133
06934500,2022-05-25T18:15:00Z,99133
06818000,2022-05-25T19:00:00Z,00095
06893620,2022-05-25T19:00:00Z,00095
06893820,2022-05-25T18:15:00Z,00095
06893830,2018-01-31T19:15:00Z,00095
06893890,2020-06-10T18:30:00Z,00095
06893970,2019-09-04T19:15:00Z,00095
06894000,2022-05-25T18:30:00Z,00095
06899900,2022-05-25T19:00:00Z,00095
06900050,2022-05-25T18:30:00Z,00095
06901500,2022-05-25T18:15:00Z,00095
06902000,2017-12-11T20:45:00Z,00095
06934500,2022-05-25T18:15:00Z,00095
07053450,2022-01-03T20:15:00Z,00095
07061270,2022-05-25T19:00:00Z,00095
07061290,2022-05-25T19:00:00Z,00095
06037500,2018-10-12T06:45:00Z,00095
06191500,2019-09-20T10:00:00Z,00095
06192980,2022-05-25T18:15:00Z,00095
06306300,2022-05-25T18:15:00Z,00095
06307500,2022-05-25T18:30:00Z,00095
06307600,2016-11-08T06:45:00Z,00095
06307616,2014-11-01T06:00:00Z,00095
06307740,2016-10-31T05:45:00Z,00095
06307830,2022-05-25T19:15:00Z,00095
06308500,2022-05-25T19:00:00Z,00095
06324500,2016-07-13T05:45:00Z,00095
12301933,2022-05-25T19:00:00Z,00095
12323800,2022-05-25T18:30:00Z,00095
12324200,2022-05-25T18:30:00Z,00095
12324400,2022-05-25T18:45:00Z,00095
12340500,2022-05-25T19:00:00Z,00095
06454100,2020-11-04T17:45:00Z,00095
06461500,2020-10-20T10:00:00Z,00095
06465500,2020-10-20T01:45:00Z,00095
06478522,2021-12-15T15:45:00Z,00095
06784000,2018-10-02T20:15:00Z,00095
06800500,2022-05-25T18:15:00Z,00095
06801000,2022-05-25T19:00:00Z,00095
06805000,2022-05-25T18:45:00Z,00095
06805500,2022-05-25T18:15:00Z,00095
06807000,2007-11-21T05:30:00Z,00095
10301500,2022-05-25T19:00:00Z,00095
10302002,2022-05-25T19:00:00Z,00095
10302025,2022-05-25T19:00:00Z,00095
10348200,2022-05-25T19:00:00Z,00095
10350500,2022-05-25T18:30:00Z,00095
10351700,2022-05-25T19:00:00Z,00095
01389005,2022-05-25T18:00:00Z,99133
01408500,2014-10-01T03:30:00Z,99133
01463500,2021-05-18T03:00:00Z,99133
01388000,2022-05-25T18:45:00Z,00095
01389005,2022-05-25T18:00:00Z,00095
01400500,2022-05-25T18:15:00Z,00095
01408000,2021-09-22T17:45:00Z,00095
01408029,2022-05-25T18:15:00Z,00095
01408500,2014-10-01T03:30:00Z,00095
01440000,2022-05-25T19:00:00Z,00095
01443500,2010-07-07T03:00:00Z,00095
01446500,2022-05-25T18:30:00Z,00095
01458500,2022-05-25T19:00:00Z,00095
01463500,2022-05-25T18:00:00Z,00095
01464290,2022-05-25T19:00:00Z,00095
01464500,2022-05-25T18:15:00Z,00095
01465850,2022-05-25T18:15:00Z,00095
0146587310,2022-05-25T18:15:00Z,00095
01465880,2022-05-25T18:30:00Z,00095
01466500,2022-05-25T18:15:00Z,00095
01466900,2022-05-25T18:30:00Z,00095
01467000,2022-05-25T18:30:00Z,00095
01467005,2022-05-25T18:15:00Z,00095
01467081,2022-05-25T18:15:00Z,00095
01467150,2022-05-25T19:00:00Z,00095
01477070,2022-05-25T19:00:00Z,00095
01477120,2022-05-25T18:30:00Z,00095
01482504,2008-10-02T18:30:00Z,00095
01482537,2008-10-02T04:45:00Z,00095
01482537,2008-10-02T16:30:00Z,00095
08317400,2022-05-25T17:15:00Z,00095
08330000,2014-07-03T05:55:00Z,00095
08405200,2022-05-25T18:15:00Z,00095
08405400,2022-05-25T19:00:00Z,00095
08406500,2022-05-25T18:15:00Z,00095
08407500,2022-05-25T18:45:00Z,00095
09364010,2022-05-25T18:15:00Z,00095
09365000,2021-10-05T21:30:00Z,00095
09368000,2022-05-25T19:00:00Z,00095
01302020,2022-05-25T18:30:00Z,00095
01304000,2022-05-25T19:00:00Z,00095
01342732,2021-10-05T15:00:00Z,00095
01354330,2022-05-25T19:00:00Z,00095
01355475,2022-05-25T19:00:00Z,00095
0135749950,2022-05-25T19:00:00Z,00095
0135980207,2022-05-25T18:00:00Z,00095
01413500,2022-05-25T18:45:00Z,00095
01414500,2022-05-25T18:15:00Z,00095
01415000,2022-05-25T18:15:00Z,00095
01423000,2022-05-25T18:45:00Z,00095
01433005,2022-05-25T18:15:00Z,00095
01433500,2022-05-25T18:15:00Z,00095
0143400680,2022-05-25T18:30:00Z,00095
01434017,2022-05-25T18:45:00Z,00095
01434021,2022-05-25T18:30:00Z,00095
01434025,2022-05-25T18:30:00Z,00095
01434498,2022-05-25T18:30:00Z,00095
01434498,2022-05-25T19:00:00Z,00095
01435000,2020-01-30T22:00:00Z,00095
01435000,2022-05-25T18:15:00Z,00095
01435000,2022-05-25T18:30:00Z,00095
01436000,2022-05-25T18:15:00Z,00095
01436655,2022-05-25T18:45:00Z,00095
01436690,2022-05-25T18:30:00Z,00095
01437100,2022-05-25T18:45:00Z,00095
01437349,2022-05-25T18:00:00Z,00095
01437400,2020-09-15T20:15:00Z,00095
01437500,2022-05-25T19:00:00Z,00095
04213500,2022-05-25T18:15:00Z,00095
04219768,2022-05-25T19:00:00Z,00095
04219915,2022-05-25T18:30:00Z,00095
04220045,2022-05-25T18:30:00Z,00095
0422016550,2022-05-25T18:15:00Z,00095
0422018610,2022-05-25T18:30:00Z,00095
04220223,2022-05-25T19:00:00Z,00095
04226000,2019-03-27T16:45:00Z,00095
04231600,2022-05-25T18:30:00Z,00095
0423205010,2022-05-25T18:15:00Z,00095
04249000,2022-05-25T18:45:00Z,00095
0427386405,2022-05-25T18:45:00Z,00095
0427386410,2022-05-25T19:00:00Z,00095
04273885,2022-05-25T18:45:00Z,00095
04273996,2022-05-25T18:45:00Z,00095
04273997,2022-05-25T18:45:00Z,00095
04274000,2022-05-25T18:45:00Z,00095
04274050,2022-05-25T19:00:00Z,00095
04274051,2022-05-25T19:00:00Z,00095
04274200,2022-05-25T18:45:00Z,00095
03512000,2022-05-25T19:00:00Z,99137
0208062765,2022-05-25T18:15:00Z,00095
02081022,2022-01-05T18:45:00Z,00095
02081094,2022-05-25T19:00:00Z,00095
0208114150,2022-05-25T18:30:00Z,00095
0209303205,2012-11-27T04:45:00Z,00095
02101726,2022-05-25T18:30:00Z,00095
02102500,2022-05-25T18:15:00Z,00095
03447687,2022-05-25T18:30:00Z,00095
03448050,2022-05-25T18:30:00Z,00095
0344878100,2022-05-25T18:30:00Z,00095
03451200,2022-05-25T07:00:00Z,00095
03451500,2022-05-25T18:30:00Z,00095
03501500,2016-02-01T04:45:00Z,00095
03512000,2022-05-25T19:00:00Z,00095
05051522,2022-05-25T18:45:00Z,00095
05054000,2022-05-25T18:15:00Z,00095
05055300,2022-05-25T19:00:00Z,00095
05055400,2022-05-25T19:00:00Z,00095
05057000,2022-05-25T19:00:00Z,00095
05057200,2017-11-08T14:15:00Z,00095
05058000,2022-05-25T19:00:00Z,00095
05059300,2022-05-25T18:15:00Z,00095
05064500,2022-05-25T18:30:00Z,00095
05082500,2022-05-25T18:45:00Z,00095
05114000,2022-05-25T18:45:00Z,00095
05117500,2022-05-25T18:15:00Z,00095
05124000,2022-05-25T19:00:00Z,00095
06329597,2014-11-12T05:45:00Z,00095
06331000,2022-05-25T18:15:00Z,00095
06336000,2022-05-09T18:45:00Z,00095
06346500,2019-10-30T14:30:00Z,00095
06348300,2019-10-30T17:15:00Z,00095
06349000,2019-10-20T20:00:00Z,00095
06467600,2021-06-07T12:00:00Z,00095
04183500,2022-05-25T13:00:00Z,99133
03098600,2022-05-25T18:15:00Z,00095
03099500,2022-05-25T19:00:00Z,00095
03119341,2022-05-25T18:45:00Z,00095
03119971,2022-05-25T18:45:00Z,00095
03119979,2022-05-25T18:15:00Z,00095
03120820,2022-05-25T18:45:00Z,00095
03120869,2022-05-25T18:45:00Z,00095
03120961,2022-05-25T18:45:00Z,00095
03125338,2022-05-25T18:30:00Z,00095
03126395,2022-05-25T18:30:00Z,00095
03127980,2022-05-25T18:15:00Z,00095
03127986,2022-05-25T18:45:00Z,00095
03127989,2022-05-25T18:15:00Z,00095
03140853,2022-05-25T18:15:00Z,00095
03140900,2022-05-25T18:45:00Z,00095
03140950,2022-05-25T18:30:00Z,00095
03219500,2022-05-25T19:00:00Z,00095
03220510,2022-05-25T18:00:00Z,00095
03228039,2022-04-26T17:00:00Z,00095
03228300,2022-05-25T18:00:00Z,00095
03255349,2015-12-22T04:30:00Z,00095
03259757,2014-05-08T03:45:00Z,00095
03259813,2014-05-08T03:45:00Z,00095
03271510,2014-10-01T04:00:00Z,00095
04183500,2022-05-25T18:45:00Z,00095
04188496,2022-05-25T18:45:00Z,00095
04193490,2021-11-22T17:00:00Z,00095
04193500,2022-05-25T18:00:00Z,00095
04195500,2013-10-01T04:30:00Z,00095
04199000,2022-05-25T18:30:00Z,00095
04199500,2022-05-25T19:00:00Z,00095
04200500,2022-05-25T18:15:00Z,00095
04208000,2022-05-25T18:30:00Z,00095
04212100,2022-05-25T19:00:00Z,00095
07160350,2022-05-25T19:00:00Z,00095
07177500,2022-05-25T19:00:00Z,00095
07178200,2022-05-25T18:30:00Z,00095
071912213,2022-05-25T18:00:00Z,00095
07191222,2022-05-25T18:00:00Z,00095
07239450,2022-05-25T18:00:00Z,00095
07239500,2021-02-23T11:00:00Z,00095
07239700,2022-05-25T14:30:00Z,00095
07241000,2022-05-23T19:30:00Z,00095
07241520,2022-05-25T18:00:00Z,00095
07241550,2022-05-25T18:00:00Z,00095
07301500,2008-07-26T04:30:00Z,00095
07303400,2011-10-01T05:30:00Z,00095
07305000,2011-07-06T04:30:00Z,00095
07331000,2009-10-01T05:00:00Z,00095
11509500,2022-05-25T18:15:00Z,00095
11510700,2022-05-25T18:15:00Z,00095
13173600,2010-10-19T06:45:00Z,00095
14012995,2022-02-10T18:29:00Z,00095
14138720,2022-05-25T19:00:00Z,00095
14138850,2022-05-25T19:00:00Z,00095
14138870,2022-05-25T18:45:00Z,00095
14138900,2022-05-25T18:45:00Z,00095
14139800,2022-05-25T18:45:00Z,00095
14158500,2022-05-25T18:30:00Z,00095
14158740,2022-05-25T19:00:00Z,00095
14158790,2022-05-25T18:45:00Z,00095
14158798,2022-05-25T19:00:00Z,00095
14158850,2022-05-25T18:30:00Z,00095
14159500,2022-05-25T18:00:00Z,00095
14162050,2022-05-25T18:30:00Z,00095
14162200,2022-05-25T18:30:00Z,00095
14162500,2022-05-25T18:00:00Z,00095
14163000,2022-05-25T18:30:00Z,00095
14163150,2022-05-25T18:30:00Z,00095
14163900,2022-05-25T19:00:00Z,00095
14164550,2022-05-25T18:00:00Z,00095
14164900,2022-05-25T18:15:00Z,00095
14181500,2022-05-25T18:00:00Z,00095
14182500,2022-05-25T19:00:00Z,00095
14183020,2022-05-25T18:00:00Z,00095
14202650,2022-05-25T18:00:00Z,00095
14202980,2022-05-25T17:00:00Z,00095
14203500,2022-05-25T18:30:00Z,00095
14206950,2022-05-25T18:00:00Z,00095
14207200,2022-05-25T14:00:00Z,00095
14209700,2022-05-25T18:30:00Z,00095
14209710,2022-05-25T18:00:00Z,00095
14210000,2022-05-25T17:30:00Z,00095
14211010,2022-05-25T18:45:00Z,00095
14301500,2014-10-02T06:45:00Z,00095
14302480,2014-10-02T06:45:00Z,00095
14316460,2022-05-25T18:45:00Z,00095
14317450,2022-05-25T19:00:00Z,00095
14317600,2022-05-25T19:00:00Z,00095
14348430,2019-11-15T20:55:00Z,00095
420423122363100,2019-06-11T21:35:00Z,00095
420425122361700,2019-04-21T04:40:00Z,00095
444728122450000,2015-12-22T07:30:00Z,00095
452731123092100,2022-05-25T17:30:00Z,00095
453004122510301,2022-05-25T16:30:00Z,00095
453030122560101,2022-05-25T18:00:00Z,00095
453250122494501,2017-11-29T21:30:00Z,00095
01467200,2022-05-25T18:30:00Z,99133
01477050,2020-11-02T14:00:00Z,99133
01573660,2022-05-25T19:00:00Z,99133
01574000,2022-05-25T19:00:00Z,99133
01575598,2022-05-25T18:45:00Z,99133
01575900,2022-05-25T18:15:00Z,99133
01576007,2022-05-25T18:15:00Z,99133
01576045,2022-05-25T19:00:00Z,99133
01577500,2022-05-25T18:30:00Z,99133
01427207,2022-05-25T19:00:00Z,00095
01427510,2022-05-25T19:00:00Z,00095
01432160,2022-05-25T19:00:00Z,00095
01434000,2022-05-25T19:00:00Z,00095
01438500,2022-05-25T18:30:00Z,00095
01439500,2022-05-25T18:45:00Z,00095
01440400,2022-05-25T19:15:00Z,00095
01451380,2022-05-25T18:15:00Z,00095
01451400,2022-05-25T18:30:00Z,00095
01451467,2022-05-25T18:45:00Z,00095
01451500,2022-05-25T18:30:00Z,00095
01451630,2022-05-25T18:30:00Z,00095
01451650,2022-05-25T19:00:00Z,00095
01451800,2022-05-25T19:00:00Z,00095
01454700,2022-05-25T18:45:00Z,00095
01465500,2022-05-25T18:15:00Z,00095
01465798,2022-05-25T18:30:00Z,00095
014670261,2022-05-25T18:45:00Z,00095
01467042,2022-05-25T18:15:00Z,00095
01467048,2022-05-25T19:00:00Z,00095
01467086,2022-05-25T18:30:00Z,00095
01467087,2022-05-25T19:00:00Z,00095
01467200,2020-12-03T14:30:00Z,00095
01467200,2021-12-09T14:30:00Z,00095
01467200,2022-05-25T18:30:00Z,00095
01468500,2022-05-25T18:30:00Z,00095
01473000,2022-05-25T18:15:00Z,00095
01473169,2022-05-25T18:30:00Z,00095
01473500,2022-05-25T18:30:00Z,00095
01473900,2022-05-25T18:00:00Z,00095
01474000,2022-05-25T19:00:00Z,00095
01474500,2022-05-25T18:00:00Z,00095
01474703,2022-05-25T18:30:00Z,00095
01475510,2022-05-25T19:00:00Z,00095
01475530,2022-05-25T18:30:00Z,00095
01475548,2022-05-25T19:00:00Z,00095
01475553,2020-01-21T15:30:00Z,00095
01477050,2022-05-25T18:30:00Z,00095
01477050,2022-05-25T18:45:00Z,00095
01477050,2022-05-25T19:00:00Z,00095
01478100,2022-05-25T18:30:00Z,00095
01478120,2022-05-25T18:30:00Z,00095
01478137,2022-05-25T19:15:00Z,00095
01478185,2022-05-25T18:15:00Z,00095
01478220,2022-05-25T19:00:00Z,00095
01478245,2022-05-25T18:30:00Z,00095
01480617,2022-05-25T18:30:00Z,00095
01480870,2022-05-25T18:45:00Z,00095
01481000,2022-05-25T18:30:00Z,00095
01516350,2022-05-25T19:00:00Z,00095
01518700,2022-05-25T19:00:00Z,00095
01540500,2022-05-25T18:45:00Z,00095
01542500,2022-05-25T18:30:00Z,00095
01544500,2022-05-25T19:00:00Z,00095
01548303,2017-10-01T05:00:00Z,00095
01549700,2022-05-25T18:15:00Z,00095
01567000,2015-03-27T03:30:00Z,00095
01570500,2021-11-09T13:30:00Z,00095
01573660,2022-05-25T19:00:00Z,00095
01573695,2022-05-25T18:45:00Z,00095
01573710,2022-05-25T19:00:00Z,00095
01574000,2022-05-25T19:00:00Z,00095
01575598,2022-05-25T18:45:00Z,00095
01575900,2022-05-25T18:15:00Z,00095
01576000,2017-11-20T14:00:00Z,00095
01576007,2022-05-25T18:15:00Z,00095
01576045,2022-05-25T19:00:00Z,00095
015765195,2022-05-25T19:00:00Z,00095
01576980,2018-05-09T11:30:00Z,00095
01577500,2022-05-25T18:30:00Z,00095
03007800,2022-05-25T18:45:00Z,00095
03016000,2022-05-25T18:45:00Z,00095
03027500,2022-05-25T18:45:00Z,00095
03034000,2022-05-25T18:45:00Z,00095
03036000,2022-05-25T18:15:00Z,00095
03039040,2021-11-01T04:45:00Z,00095
03039041,2017-12-19T17:15:00Z,00095
03043810,2022-05-25T18:30:00Z,00095
03044000,2022-05-25T18:15:00Z,00095
03049640,2022-05-25T18:45:00Z,00095
03072000,2022-05-25T18:15:00Z,00095
03072655,2022-05-25T18:45:00Z,00095
03073000,2022-05-25T18:45:00Z,00095
03075070,2022-05-25T18:15:00Z,00095
03077100,2022-05-25T18:45:00Z,00095
03079000,2022-05-25T18:30:00Z,00095
03081000,2022-05-25T18:45:00Z,00095
03083500,2022-05-25T18:15:00Z,00095
03105500,2022-05-25T19:00:00Z,00095
03106000,2022-05-25T18:15:00Z,00095
03108490,2022-05-25T18:30:00Z,00095
04213152,2022-05-25T18:45:00Z,00095
394337079544201,2022-05-25T18:45:00Z,00095
01115098,2022-05-25T18:20:00Z,00095
01115110,2022-05-25T18:20:00Z,00095
01115114,2022-05-25T18:20:00Z,00095
01115120,2022-05-25T18:20:00Z,00095
01115170,2022-05-25T18:20:00Z,00095
01115183,2022-05-25T18:20:00Z,00095
01115184,2022-05-25T18:20:00Z,00095
01115185,2022-05-25T18:15:00Z,00095
01115187,2022-05-25T19:00:00Z,00095
01115190,2022-05-25T18:20:00Z,00095
01115265,2022-05-25T18:20:00Z,00095
01115275,2022-05-25T18:20:00Z,00095
01115276,2022-05-25T18:20:00Z,00095
01115278,2022-05-25T18:15:00Z,00095
01115280,2022-05-25T18:20:00Z,00095
01115297,2022-05-25T17:40:00Z,00095
01118500,2020-08-22T04:45:00Z,00095
02110400,2022-05-25T18:15:00Z,00095
02110500,2022-05-25T19:00:00Z,00095
02110701,2022-05-25T19:00:00Z,00095
02110704,2022-05-25T18:15:00Z,00095
02135000,2022-05-25T19:00:00Z,00095
02148315,2014-07-15T04:00:00Z,00095
02156500,2022-05-25T19:00:00Z,00095
02160105,2022-05-25T19:00:00Z,00095
02160700,2022-05-25T19:00:00Z,00095
02160991,2022-05-25T19:00:00Z,00095
02169000,2022-05-25T19:00:00Z,00095
02171500,2022-05-25T18:15:00Z,00095
02171645,2022-05-25T18:30:00Z,00095
06476000,2022-05-25T18:00:00Z,99133
06478513,2022-05-25T19:00:00Z,99133
06481000,2022-05-25T18:30:00Z,99133
06418800,2019-11-22T22:30:00Z,00095
06436760,2011-10-18T05:45:00Z,00095
03432800,2014-10-11T04:30:00Z,99133
03417500,2022-05-25T18:30:00Z,00095
03418420,2022-05-25T18:30:00Z,00095
03426310,2018-11-01T03:00:00Z,00095
03428180,2022-05-25T19:00:00Z,00095
03430200,2022-05-25T18:30:00Z,00095
03431083,2022-05-25T18:30:00Z,00095
03431091,2022-05-25T18:30:00Z,00095
03431514,2022-05-25T18:30:00Z,00095
03432100,2014-10-26T04:30:00Z,00095
03432331,2015-10-28T04:30:00Z,00095
0343233905,2022-05-25T19:00:00Z,00095
03432350,2014-10-30T04:30:00Z,00095
03432390,2012-10-01T05:45:00Z,00095
034324146,2022-05-25T19:00:00Z,00095
03432670,2015-10-28T17:30:00Z,00095
03432800,2015-10-28T19:00:00Z,00095
03433500,2020-01-30T16:30:00Z,00095
03433640,2009-10-01T05:45:00Z,00095
03434500,2020-01-30T15:15:00Z,00095
03434870,2019-09-25T14:30:00Z,00095
03527620,2022-05-25T18:45:00Z,00095
03597860,2012-10-01T05:30:00Z,00095
03598000,2009-10-01T05:30:00Z,00095
03598165,2009-06-18T04:45:00Z,00095
0359816545,2009-06-23T04:45:00Z,00095
03598169,2009-06-16T04:45:00Z,00095
03598173,2009-07-01T04:45:00Z,00095
03598177,2009-07-01T04:45:00Z,00095
03601630,2008-10-01T05:45:00Z,00095
08181800,2022-05-25T18:00:00Z,99133
08188500,2022-05-25T19:00:00Z,99133
08195000,2020-07-27T23:00:00Z,99133
07227500,2022-05-25T19:00:00Z,00095
07311782,2022-05-25T18:30:00Z,00095
07311800,2022-05-25T18:30:00Z,00095
07312500,2022-05-25T18:30:00Z,00095
07332605,2022-05-25T18:15:00Z,00095
07332620,2019-10-14T23:45:00Z,00095
07332622,2022-05-25T19:00:00Z,00095
07336820,2008-10-01T05:00:00Z,00095
08048000,2022-05-20T09:30:00Z,00095
08049500,2022-05-25T18:30:00Z,00095
08052700,2022-05-25T18:15:00Z,00095
08052745,2022-05-25T18:15:00Z,00095
08057000,2022-05-25T19:00:00Z,00095
08057055,2015-02-10T05:45:00Z,00095
08057410,2022-05-25T19:00:00Z,00095
08062500,2022-05-25T18:30:00Z,00095
08065350,2022-05-25T18:45:00Z,00095
08068000,2022-05-25T18:15:00Z,00095
08068500,2022-05-25T18:45:00Z,00095
08069500,2022-05-25T18:45:00Z,00095
08070200,2022-05-25T19:00:00Z,00095
08086212,2022-05-25T19:00:00Z,00095
08086290,2022-05-25T18:30:00Z,00095
08108700,2017-07-14T16:45:00Z,00095
08110075,2017-07-14T17:30:00Z,00095
08110200,2017-07-13T18:00:00Z,00095
08111500,2017-07-12T17:30:00Z,00095
08114000,2017-07-11T21:30:00Z,00095
08116650,2017-07-11T20:00:00Z,00095
08123850,2022-05-25T19:00:00Z,00095
08126380,2022-05-25T19:00:00Z,00095
08171290,2011-01-21T05:45:00Z,00095
08180800,2022-05-25T18:45:00Z,00095
08180850,2018-12-17T14:30:00Z,00095
08181500,2022-05-25T18:15:00Z,00095
08181800,2022-05-25T18:30:00Z,00095
08188060,2022-05-25T19:00:00Z,00095
08188500,2022-05-25T19:00:00Z,00095
08195000,2022-05-25T19:00:00Z,00095
08211200,2022-05-25T19:00:00Z,00095
08211502,2022-05-25T19:00:00Z,00095
08364000,2022-05-25T18:30:00Z,00095
08371500,2022-05-25T19:00:00Z,00095
08374200,2022-05-25T19:00:00Z,00095
08377200,2022-05-25T19:00:00Z,00095
08412500,2022-05-25T18:15:00Z,00095
08419000,2022-05-25T19:00:00Z,00095
08420500,2015-03-24T04:45:00Z,00095
08437710,2022-05-25T18:45:00Z,00095
08446500,2022-05-25T18:45:00Z,00095
08447000,2022-05-25T18:45:00Z,00095
08447300,2022-05-25T19:00:00Z,00095
08447410,2022-05-25T19:00:00Z,00095
08449000,2022-05-25T18:15:00Z,00095
08462500,2022-02-11T15:00:00Z,00095
08462500,2022-05-25T18:45:00Z,00095
08470500,2020-12-14T22:28:00Z,00095
08470500,2021-03-23T16:03:00Z,00095
08470500,2021-03-23T16:07:00Z,00095
08470500,2021-03-23T16:10:00Z,00095
08470500,2021-03-23T16:14:00Z,00095
09180000,2022-05-25T18:45:00Z,00095
09180500,2022-05-25T19:00:00Z,00095
09230300,2012-10-31T05:45:00Z,00095
09234500,2022-05-25T18:30:00Z,00095
09261000,2022-05-25T18:30:00Z,00095
09277500,2016-11-03T06:45:00Z,00095
09302000,2022-05-25T19:00:00Z,00095
09314280,2017-10-11T08:30:00Z,00095
09314500,2022-05-25T18:30:00Z,00095
09315000,2022-05-25T19:00:00Z,00095
09328500,2022-05-25T18:30:00Z,00095
09328910,2016-10-20T10:15:00Z,00095
09379500,2022-05-25T18:30:00Z,00095
09406000,2022-05-25T19:00:00Z,00095
10126000,2022-05-25T18:30:00Z,00095
10129900,2022-05-25T18:30:00Z,00095
10133650,2022-05-25T18:30:00Z,00095
10133800,2022-05-25T18:15:00Z,00095
10133980,2022-05-25T19:00:00Z,00095
10141000,2022-05-25T18:45:00Z,00095
01632900,2022-05-25T19:00:00Z,99133
01645762,2022-05-25T18:45:00Z,99133
01646000,2022-05-25T18:15:00Z,99133
01654000,2022-05-25T18:45:00Z,99133
01673000,2022-05-25T18:45:00Z,99133
0167300055,2022-05-25T18:45:00Z,99133
02035000,2022-05-25T19:00:00Z,99133
01616100,2016-10-04T18:00:00Z,00095
01622459,2021-04-07T11:05:00Z,00095
01622464,2021-04-07T12:55:00Z,00095
0162246747,2021-04-07T13:10:00Z,00095
0162246784,2021-04-07T13:40:00Z,00095
0162588350,2021-04-05T15:05:00Z,00095
0162588440,2021-04-05T14:35:00Z,00095
01632900,2022-05-25T19:00:00Z,00095
01636316,2016-10-04T20:00:00Z,00095
01645704,2022-05-25T18:15:00Z,00095
01645762,2022-05-25T18:45:00Z,00095
01646000,2022-05-25T18:15:00Z,00095
01646305,2022-05-25T18:45:00Z,00095
0165389205,2015-01-09T04:45:00Z,00095
01654000,2022-05-25T18:45:00Z,00095
01654500,2022-05-25T18:45:00Z,00095
01655794,2021-04-07T17:45:00Z,00095
01656903,2022-05-25T18:45:00Z,00095
01661977,2021-04-08T15:45:00Z,00095
01668000,2022-05-25T18:15:00Z,00095
0166818623,2016-06-29T03:45:00Z,00095
0166818985,2016-10-01T04:45:00Z,00095
01673000,2022-05-25T18:30:00Z,00095
0167300055,2022-05-25T18:45:00Z,00095
0201144558,2021-03-08T01:05:00Z,00095
0201144806,2021-03-05T14:50:00Z,00095
02015729,2021-04-06T13:40:00Z,00095
02015742,2021-04-06T13:45:00Z,00095
02020246,2021-04-06T18:55:00Z,00095
02020258,2021-04-06T20:00:00Z,00095
0202848919,2021-04-03T18:45:00Z,00095
0202848938,2021-04-05T13:05:00Z,00095
02035000,2022-05-25T19:00:00Z,00095
02042500,2022-05-25T18:45:00Z,00095
0205373035,2022-05-25T18:55:00Z,00095
0205373075,2022-05-25T18:55:00Z,00095
0205373228,2022-05-25T02:00:00Z,00095
0205373422,2022-05-25T18:55:00Z,00095
0205450393,2022-05-25T19:10:00Z,00095
0205450495,2022-05-25T19:10:00Z,00095
02054550,2022-05-25T19:10:00Z,00095
02054750,2020-11-04T18:00:00Z,00095
02054750,2022-05-25T19:00:00Z,00095
0205491522,2011-10-04T03:45:00Z,00095
0205492550,2008-10-01T03:45:00Z,00095
0205494935,2009-10-01T04:45:00Z,00095
02055010,2007-11-01T03:45:00Z,00095
02055080,2022-05-25T18:30:00Z,00095
02055379,2022-05-25T19:10:00Z,00095
0205551460,2022-05-25T18:30:00Z,00095
0205551614,2022-05-25T18:45:00Z,00095
0205696042,2022-05-25T19:00:00Z,00095
0205696095,2022-05-25T19:00:00Z,00095
02079500,2022-05-25T18:15:00Z,00095
0317154954,2022-05-25T18:55:00Z,00095
0317155123,2022-05-25T18:55:00Z,00095
03171597,2022-05-25T18:50:00Z,00095
0317159760,2022-05-25T18:40:00Z,00095
03520967,2008-04-10T03:45:00Z,00095
03520967,2008-10-01T04:00:00Z,00095
03520968,2008-04-10T03:45:00Z,00095
03520980,2008-04-10T03:45:00Z,00095
03520981,2008-04-10T03:45:00Z,00095
03524000,2022-05-25T18:45:00Z,00095
03524500,2022-05-25T18:45:00Z,00095
03524740,2022-05-25T18:30:00Z,00095
12212050,2022-01-24T22:45:00Z,99133
12213100,2022-01-24T17:15:00Z,99133
12500450,2022-05-25T18:30:00Z,99133
12510500,2021-10-01T07:45:00Z,99133
12090400,2022-05-25T18:15:00Z,00095
12090500,2022-05-25T18:15:00Z,00095
12098700,2022-05-25T18:45:00Z,00095
12100490,2022-05-25T18:45:00Z,00095
12101102,2022-05-25T18:30:00Z,00095
12102075,2022-05-25T18:30:00Z,00095
12165800,2013-05-22T06:00:00Z,00095
12166000,2012-05-04T06:46:00Z,00095
12169500,2013-05-21T06:00:00Z,00095
12170000,2013-05-20T06:00:00Z,00095
12170300,2016-10-01T07:00:00Z,00095
12442500,2022-05-25T18:30:00Z,00095
12500450,2022-05-25T18:30:00Z,00095
12510500,2022-04-09T17:45:00Z,00095
01595800,2022-05-25T18:15:00Z,00095
01608500,2022-05-25T18:30:00Z,00095
01611500,2022-05-25T18:30:00Z,00095
03057000,2022-05-25T18:15:00Z,00095
03058000,2022-05-25T18:15:00Z,00095
03061000,2022-05-25T18:15:00Z,00095
03066000,2022-05-25T18:30:00Z,00095
03067510,2022-05-25T18:15:00Z,00095
03179000,2022-05-25T19:00:00Z,00095
03183500,2022-05-25T18:45:00Z,00095
03185400,2022-05-25T18:45:00Z,00095
03191982,2022-05-25T18:15:00Z,00095
03200500,2022-05-25T19:15:00Z,00095
03214500,2013-11-04T04:45:00Z,00095
04067958,2015-10-01T05:00:00Z,99133
04072150,2016-10-04T05:00:00Z,99133
04080798,2017-10-12T16:00:00Z,99133
04081000,2017-10-03T15:00:00Z,99133
04026005,2022-03-04T06:30:00Z,00095
04026157,2021-10-28T17:15:00Z,00095
04026160,2022-05-25T19:00:00Z,00095
04026561,2022-05-25T18:30:00Z,00095
04027000,2022-05-25T18:45:00Z,00095
04067500,2022-05-25T19:00:00Z,00095
04067958,2015-10-19T05:45:00Z,00095
04072150,2015-10-05T05:45:00Z,00095
04080798,2017-10-12T16:45:00Z,00095
04081000,2020-06-01T05:45:00Z,00095
040851385,2022-05-25T18:20:00Z,00095
04085427,2022-05-25T17:58:00Z,00095
04087119,2016-10-24T04:30:00Z,00095
04087142,2019-01-03T17:38:00Z,00095
040871488,2017-11-20T16:00:00Z,00095
04087170,2022-05-25T18:55:00Z,00095
04087170,2022-05-25T19:00:00Z,00095
05357205,2021-11-04T05:45:00Z,00095
05357206,2021-11-04T17:30:00Z,00095
05364128,2022-05-25T19:00:00Z,00095
05364422,2014-10-08T05:45:00Z,00095
053674962,2014-08-11T04:45:00Z,00095
053674967,2021-02-02T16:15:00Z,00095
05406457,2022-05-25T19:00:00Z,00095
05406469,2022-05-25T19:00:00Z,00095
05406479,2022-05-25T19:00:00Z,00095
05406497,2013-10-01T05:00:00Z,00095
05406500,2013-10-01T05:00:00Z,00095
05429369,2022-05-25T19:00:00Z,00095
05435943,2022-05-25T19:00:00Z,00095
05435950,2022-05-25T19:00:00Z,00095
05545750,2022-05-25T19:00:00Z,00095
06036905,2017-11-01T06:45:00Z,00095
06037100,2015-11-19T06:45:00Z,00095
06299980,2014-07-01T06:00:00Z,00095
06306250,2012-11-01T06:00:00Z,00095
06313500,2017-11-16T06:45:00Z,00095
06316400,2014-07-09T05:45:00Z,00095
06324000,2016-07-13T05:45:00Z,00095
06670500,2021-11-16T19:00:00Z,00095
09217000,2022-05-25T18:30:00Z,00095
09219200,2019-10-03T00:45:00Z,00095
09258050,2022-05-25T18:30:00Z,00095
09258980,2022-05-25T19:00:00Z,00095
13013650,2022-05-25T19:00:00Z,00095
