X,Y,site_code,ws_area_ha,NA_L2NAME
-111.5878722,36.8643333,9380000,28956200,COLD DESERTS
-118.8176312,37.66882166,10265150,17689.7,COLD DESERTS
-108.2661946,39.2391463,9095500,2068374,COLD DESERTS
-108.2683333,39.1836111,9105000,153328,COLD DESERTS
-107.8334167,38.78516667,9136100,250971,COLD DESERTS
-108.078403,38.75303944,9144250,1459724,COLD DESERTS
-107.779225,38.33143056,9147500,116032,COLD DESERTS
-108.0804167,38.74194444,9149500,288526,COLD DESERTS
-108.4506446,38.98331575,9152500,2052057,COLD DESERTS
-108.7502611,39.16416667,9153270,36778,COLD DESERTS
-109.0270546,39.13276047,9163500,4622891,COLD DESERTS
-108.8853805,38.3102675,9169500,524475,COLD DESERTS
-108.8334347,38.3569337,9171100,556073,COLD DESERTS
-108.0334152,40.50274666,9251000,876197,COLD DESERTS
-108.1199444,40.0225833,9304800,269878,COLD DESERTS
-108.2975876,39.9210833,9306200,131054,COLD DESERTS
-108.2364753,40.0780264,9306222,168868,COLD DESERTS
-108.345,40.1625,9306224,471639,COLD DESERTS
-108.4012046,40.1685813,9306255,67858,COLD DESERTS
-108.5653775,40.17969335,9306290,655270,COLD DESERTS
-107.8803445,37.2791688,9361500,181559,COLD DESERTS
-107.8753333,37.03656944,9363500,282310,COLD DESERTS
-109.0295833,37.00113889,9371010,3781400,COLD DESERTS
-108.6612067,37.3127716,9371492,8935.5,COLD DESERTS
-108.7006527,37.3266601,9371520,60606,COLD DESERTS
-107.9922886,38.657207,383926107593001,17275.3,COLD DESERTS
-108.2178056,39.33119444,391953108130201,131831,COLD DESERTS
-114.6287528,42.6518222,13093383,5912970,COLD DESERTS
-114.6347972,42.6535833,13093384,5916855,COLD DESERTS
-116.3041667,43.73194444,13207500,14788.9,COLD DESERTS
-116.9727778,43.78166667,13213000,1011654,COLD DESERTS
-116.9825,43.8761111,13213100,15203300,COLD DESERTS
-119.0988889,39.1524611,10301500,673400,COLD DESERTS
-118.8037557,38.94019785,10302002,729085,COLD DESERTS
-118.727085,38.79103038,10302025,811706,COLD DESERTS
-119.7416444,39.51761667,10348200,277130,COLD DESERTS
-119.486186,39.56545278,10350500,414400,COLD DESERTS
-119.3375222,39.7773722,10351700,473193,COLD DESERTS
-106.3239444,35.618,8317400,3859100,COLD DESERTS
-106.6806944,35.08916667,8330000,4516960,COLD DESERTS
-108.0229944,36.81836667,9364010,336959,COLD DESERTS
-108.2255889,36.72301667,9365000,1875160,COLD DESERTS
-108.6830556,36.77666667,9368000,3341100,COLD DESERTS
-117.0718258,43.7309932,13173600,11137000,COLD DESERTS
-109.1951142,38.79720805,9180000,1186220,COLD DESERTS
-109.2934493,38.81054095,9180500,6241900,COLD DESERTS
-109.6545278,40.99027778,9230300,6526.8,COLD DESERTS
-109.2354043,40.40940757,9261000,7681940,COLD DESERTS
-110.602381,40.30023027,9277500,91427,COLD DESERTS
-109.7813889,40.21027778,9302000,981610,COLD DESERTS
-110.6462682,39.4210793,9314280,49469,COLD DESERTS
-110.3427778,39.26444444,9314500,398860,COLD DESERTS
-110.1512475,38.9860831,9315000,11616150,COLD DESERTS
-110.3701469,38.8583081,9328500,421652,COLD DESERTS
-110.1435278,38.7577611,9328910,808857,COLD DESERTS
-109.8666889,37.15067778,9379500,5957000,COLD DESERTS
-113.1807789,37.2041494,9406000,247604,COLD DESERTS
-112.100782,41.5763213,10126000,1820511,COLD DESERTS
-112.0918866,41.2782765,10141000,538979,COLD DESERTS
-109.4490234,41.51635366,9217000,3626000,COLD DESERTS
-110.2059583,41.39415,9219200,84019.6,COLD DESERTS
-107.6025,41.4783333,9258050,32634,COLD DESERTS
-107.6315964,41.06815856,9258980,310800,COLD DESERTS
-120.4672855,46.53429376,12500450,901061,COLD DESERTS
-119.4780794,46.25346748,12510500,1454285,COLD DESERTS
-119.6184098,48.98460109,12442500,919450,COLD DESERTS
-104.2149722,32.409275,8405200,4804450,WARM DESERTS
-104.1966472,32.2359472,8405400,92463,WARM DESERTS
-104.023875,32.20754167,8406500,4970210,WARM DESERTS
-104.0394361,32.07519167,8407500,5060860,WARM DESERTS
-106.5408218,31.80288488,8364000,8342390,WARM DESERTS
-106.5408218,31.80288488,8364000,7588700,WARM DESERTS
-106.5408218,31.80288488,8364000,8342390,WARM DESERTS
-106.5408218,31.80288488,8364000,7588700,WARM DESERTS
-104.4810367,29.6210127,8371500,9817654,WARM DESERTS
-104.4810367,29.6210127,8371500,9817654,WARM DESERTS
-104.4810367,29.6210127,8371500,9817654,WARM DESERTS
-104.4810367,29.6210127,8371500,9817654,WARM DESERTS
-104.2865896,29.51962973,8374200,17146577,WARM DESERTS
-104.2865896,29.51962973,8374200,17146577,WARM DESERTS
-104.2865896,29.51962973,8374200,17146577,WARM DESERTS
-104.2865896,29.51962973,8374200,17146577,WARM DESERTS
-101.7559523,29.78075694,8377200,20912178,WARM DESERTS
-101.7559523,29.78075694,8377200,20912178,WARM DESERTS
-101.7559523,29.78075694,8377200,20912178,WARM DESERTS
-101.7559523,29.78075694,8377200,20912178,WARM DESERTS
-103.8315824,31.87262648,8412500,6493130,WARM DESERTS
-103.4901667,31.4838611,8419000,6793570,WARM DESERTS
-103.467395,31.43652327,8420500,6795124,WARM DESERTS
-103.0059908,31.3668055,8437710,8997660,WARM DESERTS
-102.4176419,31.11320329,8446500,9660700,WARM DESERTS
-101.7701244,30.65961373,8447000,10537415,WARM DESERTS
-101.7415556,30.314,8447300,10921771,WARM DESERTS
-101.4462223,29.8029823,8447410,11399885,WARM DESERTS
-101.4462223,29.8029823,8447410,9116800,WARM DESERTS
-101.4462223,29.8029823,8447410,11399885,WARM DESERTS
-101.4462223,29.8029823,8447410,9116800,WARM DESERTS
-114.468111,32.8849361,9429490,48821500,WARM DESERTS
-117.3206018,34.57304916,10261500,132867,WARM DESERTS
-117.2264316,34.34305858,10260500,34706,MEDITERRANEAN CALIFORNIA
-117.2578213,34.33889196,10260950,18207.7,MEDITERRANEAN CALIFORNIA
-117.1422536,33.4739175,11044000,152292,MEDITERRANEAN CALIFORNIA
-117.4313889,33.25055556,11046062,414.4,MEDITERRANEAN CALIFORNIA
-117.4422222,33.26444444,11046072,2380.21,MEDITERRANEAN CALIFORNIA
-117.465,33.29055556,11046102,6993,MEDITERRANEAN CALIFORNIA
-117.578611,33.38138889,11046252,10981.6,MEDITERRANEAN CALIFORNIA
-117.5938889,33.38666667,11046372,36001,MEDITERRANEAN CALIFORNIA
-117.6453296,33.88334875,11074000,584822,MEDITERRANEAN CALIFORNIA
-118.466749,34.16167247,11092450,40922,MEDITERRANEAN CALIFORNIA
-119.9826419,34.58221109,11125600,626.78,MEDITERRANEAN CALIFORNIA
-119.985,34.58388889,11125605,626.78,MEDITERRANEAN CALIFORNIA
-119.9887532,34.5891552,11126000,109298,MEDITERRANEAN CALIFORNIA
-120.0301435,34.58915474,11126400,111370,MEDITERRANEAN CALIFORNIA
-120.1445926,34.58498706,11128500,149961,MEDITERRANEAN CALIFORNIA
-120.424606,34.63609474,11133000,204351,MEDITERRANEAN CALIFORNIA
-121.769397,37.46160337,11173200,19968.9,MEDITERRANEAN CALIFORNIA
-121.8830126,37.62659915,11176900,104377,MEDITERRANEAN CALIFORNIA
-118.8134258,36.02411648,11204100,24812.2,MEDITERRANEAN CALIFORNIA
-119.7243124,36.98439397,11251000,434084,MEDITERRANEAN CALIFORNIA
-120.3782256,36.8105046,11254000,1020460,MEDITERRANEAN CALIFORNIA
-120.9310369,37.3099386,11261500,1972285,MEDITERRANEAN CALIFORNIA
-120.9761777,37.3472151,11273400,2058791,MEDITERRANEAN CALIFORNIA
-121.1252081,37.31549247,11274500,34706,MEDITERRANEAN CALIFORNIA
-121.0133444,37.43218889,11274550,2510746,MEDITERRANEAN CALIFORNIA
-120.2947222,37.8783333,11285500,328153,MEDITERRANEAN CALIFORNIA
-120.9843777,37.627153,11290000,487956,MEDITERRANEAN CALIFORNIA
-121.1104934,37.72965078,11303000,278425,MEDITERRANEAN CALIFORNIA
-121.5982928,38.77434584,11425500,5504009,MEDITERRANEAN CALIFORNIA
-122.365825,38.6469722,11453590,10463.6,MEDITERRANEAN CALIFORNIA
-122.2746929,38.1110306,11458370,108780,MEDITERRANEAN CALIFORNIA
-122.5627606,38.4188004,11458433,3703.7,MEDITERRANEAN CALIFORNIA
-123.1302806,39.24655605,11461500,23879.8,MEDITERRANEAN CALIFORNIA
-123.1305588,39.02656314,11462500,93758,MEDITERRANEAN CALIFORNIA
-122.8294376,38.65824247,11463682,177156,MEDITERRANEAN CALIFORNIA
-122.8555494,38.6329653,11463980,204869,MEDITERRANEAN CALIFORNIA
-122.9272191,38.65324355,11465240,45325,MEDITERRANEAN CALIFORNIA
-122.8533258,38.49407838,11466800,65009,MEDITERRANEAN CALIFORNIA
-154.7044349,60.2036591,15298040,287490,ALASKA BOREAL INTERIOR
-158.156842,61.8893006,15304010,85470,ALASKA BOREAL INTERIOR
-84.0199939,44.0725203,4142000,82880,MIXED WOOD SHIELD
-89.207086,46.7207742,4040000,347060,MIXED WOOD SHIELD
-88.4431868,46.7346552,4043097,11447.8,MIXED WOOD SHIELD
-88.3301306,46.72104347,4043126,4351.2,MIXED WOOD SHIELD
-88.3617967,46.75104286,4043140,906.5,MIXED WOOD SHIELD
-88.3170724,46.80409698,4043150,16757.3,MIXED WOOD SHIELD
-87.8776299,46.78214818,4043238,1745.66,MIXED WOOD SHIELD
-87.8523522,46.7857589,4043244,2641.8,MIXED WOOD SHIELD
-87.8406871,46.7135391,4043275,8236.2,MIXED WOOD SHIELD
-87.8679127,46.49326948,4057801,12328.4,MIXED WOOD SHIELD
-87.2020793,45.7549674,4059500,116550,MIXED WOOD SHIELD
-92.4188018,46.7032765,4024000,888370,MIXED WOOD SHIELD
-88.3051099,45.38774406,4067958,115773,MIXED WOOD SHIELD
-91.6021304,46.70549328,4026005,46879,MIXED WOOD SHIELD
-91.0930778,46.8048333,4026157,8236.2,MIXED WOOD SHIELD
-91.0913889,46.8547222,4026160,12276.6,MIXED WOOD SHIELD
-90.59,46.3947222,4026561,18259.5,MIXED WOOD SHIELD
-90.696297,46.4866144,4027000,154623,MIXED WOOD SHIELD
-87.6633333,45.3258333,4067500,1017870,MIXED WOOD SHIELD
-89.5993944,46.0308444,5357205,1087.8,MIXED WOOD SHIELD
-89.6077778,46.03277778,5357206,984.2,MIXED WOOD SHIELD
-77.8258251,41.4758994,1544500,35224,ATLANTIC HIGHLANDS
-77.4019232,41.78479405,1548303,1678.32,ATLANTIC HIGHLANDS
-78.29279129,41.81867578,3007800,64232,ATLANTIC HIGHLANDS
-79.4078243,41.5708949,3016000,947940,ATLANTIC HIGHLANDS
-78.5961347,41.5531176,3027500,18958.8,ATLANTIC HIGHLANDS
-74.78327778,41.56727778,1433005,30044,ATLANTIC HIGHLANDS
-74.75877778,41.4612222,1433500,51800,ATLANTIC HIGHLANDS
-74.61688889,41.63805556,1436690,44289,ATLANTIC HIGHLANDS
-74.4681944,41.59594444,1437100,2667.7,ATLANTIC HIGHLANDS
-74.91238898,41.47536824,1432160,688681,ATLANTIC HIGHLANDS
-75.03767469,41.08815078,1439500,30303,ATLANTIC HIGHLANDS
-75.2146251,41.0848148,1440400,17068.1,ATLANTIC HIGHLANDS
-74.7305556,42.1061111,1414500,6526.8,ATLANTIC HIGHLANDS
-74.4480556,41.96694444,143400680,2312.87,ATLANTIC HIGHLANDS
-74.54027778,41.92527778,1434017,5931.1,ATLANTIC HIGHLANDS
-74.4144444,42.0111111,1434021,199.43,ATLANTIC HIGHLANDS
-74.5002222,41.9960833,1434025,963.48,ATLANTIC HIGHLANDS
-74.57438889,41.92041667,1434498,8754.2,ATLANTIC HIGHLANDS
-74.5898056,41.88994444,1435000,17249.4,ATLANTIC HIGHLANDS
-73.9123972,44.23719444,427386405,243.46,ATLANTIC HIGHLANDS
-73.9138444,44.2367361,427386410,251.23,ATLANTIC HIGHLANDS
-74.01338889,44.2622222,4273885,3185.7,ATLANTIC HIGHLANDS
-73.9203056,44.3031,4273996,336.7,ATLANTIC HIGHLANDS
-73.92070278,44.3037861,4273997,341.88,ATLANTIC HIGHLANDS
-73.9156944,44.3109722,4274000,30044,ATLANTIC HIGHLANDS
-73.8676611,44.34620556,4274050,106.19,ATLANTIC HIGHLANDS
-73.8664444,44.34927778,4274051,132.09,ATLANTIC HIGHLANDS
-73.817125,44.38963056,4274200,36260,ATLANTIC HIGHLANDS
-73.0334444,41.9679222,1186500,22015,ATLANTIC HIGHLANDS
-73.4495669,41.5931499,1200600,264698,ATLANTIC HIGHLANDS
-73.1169306,41.76345,1205890,14581.7,ATLANTIC HIGHLANDS
-73.0301667,42.66669444,1168250,1675.73,ATLANTIC HIGHLANDS
-75.5083333,40.5216111,1451467,1030.82,ATLANTIC HIGHLANDS
-142.9426256,61.43372656,15209700,91168,BOREAL CORDILLERA
-106.2658553,39.04277116,7086000,110593,WESTERN CORDILLERA
-105.8566791,40.32581784,9010500,16524.2,WESTERN CORDILLERA
-105.7983437,40.23637409,9013500,7044.8,WESTERN CORDILLERA
-105.8288333,40.2461111,9014050,19787.6,WESTERN CORDILLERA
-105.9005694,40.12081915,9019500,83657,WESTERN CORDILLERA
-105.9805639,40.15579444,9020500,32893,WESTERN CORDILLERA
-105.8297778,39.9903333,9027100,29785,WESTERN CORDILLERA
-106.0041847,40.108319,9034250,204092,WESTERN CORDILLERA
-106.1803667,40.0002,9037500,47656,WESTERN CORDILLERA
-106.3051778,40.05866389,9040500,43512,WESTERN CORDILLERA
-106.4225335,40.2024844,9041090,37555,WESTERN CORDILLERA
-106.4139212,40.10859628,9041400,69930,WESTERN CORDILLERA
-106.4400324,40.03665248,9058000,616161,WESTERN CORDILLERA
-106.8316944,39.8911,9060799,758870,WESTERN CORDILLERA
-106.3666948,39.50831949,9063000,18181.8,WESTERN CORDILLERA
-106.402529,39.55387495,9064600,48174,WESTERN CORDILLERA
-106.2780823,39.6258193,9065500,3755.5,WESTERN CORDILLERA
-106.3947515,39.6410971,9066325,19968.9,WESTERN CORDILLERA
-106.447808,39.60943048,9066510,26418,WESTERN CORDILLERA
-107.0780139,39.6446111,9070500,1137010,WESTERN CORDILLERA
-107.2908874,39.5588711,9071750,1180004,WESTERN CORDILLERA
-107.3308333,39.54666667,9085000,376327,WESTERN CORDILLERA
-107.4066667,39.56166667,9085150,1564360,WESTERN CORDILLERA
-106.8453172,38.66443715,9110000,123284,WESTERN CORDILLERA
-106.9497661,38.54193567,9114500,261849,WESTERN CORDILLERA
-106.9409583,38.5211111,9119000,274799,WESTERN CORDILLERA
-107.2300557,38.2988834,9124500,87801,WESTERN CORDILLERA
-107.6592278,37.8111077,9358000,18285.4,WESTERN CORDILLERA
-107.6636723,37.8197187,9358550,5205.9,WESTERN CORDILLERA
-107.6728392,37.8027744,9359010,13545.7,WESTERN CORDILLERA
-107.6682222,37.7883333,9359020,37814,WESTERN CORDILLERA
-106.9533773,38.85165929,385106106571000,19010.6,WESTERN CORDILLERA
-106.7258333,39.705,394220106431500,155400,WESTERN CORDILLERA
-105.7997222,40.2575,401530105475401,7355.6,WESTERN CORDILLERA
-120.2379793,39.43157246,10343500,2719.5,WESTERN CORDILLERA
-118.6542556,36.04828125,11203580,5205.9,WESTERN CORDILLERA
-119.6598938,37.9165884,11274790,77959,WESTERN CORDILLERA
-116.1752778,47.44027778,12413360,898.73,WESTERN CORDILLERA
-116.2216667,47.47666667,12413370,7303.8,WESTERN CORDILLERA
-116.2418,47.5081222,12413445,18958.8,WESTERN CORDILLERA
-115.3295,44.9057222,13311000,4998.7,WESTERN CORDILLERA
-111.0679639,44.6570722,6037500,112665,WESTERN CORDILLERA
-110.7936667,45.1121194,6191500,677544,WESTERN CORDILLERA
-115.3187194,48.40066389,12301933,2330741,WESTERN CORDILLERA
-112.76735,46.20824167,12323800,169904,WESTERN CORDILLERA
-112.7425389,46.39765,12324200,259259,WESTERN CORDILLERA
-112.789686,46.5109111,12324400,292670,WESTERN CORDILLERA
-113.9321194,46.87676389,12340500,1559439,WESTERN CORDILLERA
-121.9622313,42.13319946,11509500,1015280,WESTERN CORDILLERA
-122.0733453,42.0845877,11510700,1056720,WESTERN CORDILLERA
-118.0919,45.988425,14012995,13830.6,WESTERN CORDILLERA
-121.8653567,45.4709515,14138720,1315.72,WESTERN CORDILLERA
-122.0123049,45.4981743,14138850,12406.1,WESTERN CORDILLERA
-122.0256385,45.48011889,14138870,1414.14,WESTERN CORDILLERA
-122.0359167,45.4942856,14138900,2154.88,WESTERN CORDILLERA
-122.1095292,45.444564,14139800,4066.3,WESTERN CORDILLERA
-121.9956172,44.3609545,14158500,23931.6,WESTERN CORDILLERA
-122.0368056,44.28638889,14158740,41440,WESTERN CORDILLERA
-122.0470074,44.3345666,14158790,4040.4,WESTERN CORDILLERA
-122.0485833,44.28988889,14158798,5542.6,WESTERN CORDILLERA
-122.0497826,44.2679001,14158850,47656,WESTERN CORDILLERA
-122.248391,44.13595817,14159500,53872,WESTERN CORDILLERA
-122.3148056,44.1845,14162050,1085.21,WESTERN CORDILLERA
-122.3331192,44.16234819,14162200,22714.3,WESTERN CORDILLERA
-122.47062,44.1248487,14162500,240870,WESTERN CORDILLERA
-122.5730333,44.1460861,14163000,12328.4,WESTERN CORDILLERA
-122.6275715,44.123738,14163150,266770,WESTERN CORDILLERA
-122.2974444,44.75377778,14181500,117327,WESTERN CORDILLERA
-122.1531366,45.14762079,14209700,11680.9,WESTERN CORDILLERA
-122.1561923,45.16706506,14209710,153846,WESTERN CORDILLERA
-122.5128232,43.3059544,14316460,113183,WESTERN CORDILLERA
-122.9997836,43.324563,14317450,229474,WESTERN CORDILLERA
-122.9925917,43.34666389,14317600,25226.6,WESTERN CORDILLERA
-122.5961667,42.0785,14348430,150.22,WESTERN CORDILLERA
-122.608711,42.073125,420423122363100,62.16,WESTERN CORDILLERA
-122.6046667,42.0735833,420425122361700,77.7,WESTERN CORDILLERA
-109.422914,40.90829296,9234500,5024600,WESTERN CORDILLERA
-111.4760313,40.73522634,10129900,4506.6,WESTERN CORDILLERA
-111.5196438,40.7238375,10133650,10903.9,WESTERN CORDILLERA
-111.5640912,40.75966979,10133800,14814.8,WESTERN CORDILLERA
-111.5866222,40.8695861,10133980,28490,WESTERN CORDILLERA
-121.759436,48.2721194,12165800,1942.5,WESTERN CORDILLERA
-121.780411,48.27760727,12166000,6993,WESTERN CORDILLERA
-110.8635028,44.6201833,6036905,67599,WESTERN CORDILLERA
-110.8610639,44.6408,6037100,32375,WESTERN CORDILLERA
-110.7154722,43.65405556,13013650,434343,WESTERN CORDILLERA
-130.0669823,56.025815,15008000,27713,MARINE WEST COAST FOREST
-130.8819864,56.2402062,15015595,192955,MARINE WEST COAST FOREST
-132.1319653,56.70772188,15024800,5084170,MARINE WEST COAST FOREST
-133.7017432,58.53829828,15041200,1683500,MARINE WEST COAST FOREST
-138.3339167,59.1928056,15129120,2849000,MARINE WEST COAST FOREST
-148.8987624,60.36995858,15236900,2434.6,MARINE WEST COAST FOREST
-122.9277737,38.50852336,11467000,346542,MARINE WEST COAST FOREST
-122.7711874,44.0698492,14163900,279979,MARINE WEST COAST FOREST
-122.8846667,44.07066667,14164550,6734,MARINE WEST COAST FOREST
-122.9645273,44.0712365,14164900,295260,MARINE WEST COAST FOREST
-122.5789738,44.7915108,14182500,29008,MARINE WEST COAST FOREST
-122.6777222,44.7782222,14183020,173789,MARINE WEST COAST FOREST
-123.125,45.44064167,14202650,6241.9,MARINE WEST COAST FOREST
-123.200109,45.46927968,14202980,10049.2,MARINE WEST COAST FOREST
-123.124274,45.4748365,14203500,32375,MARINE WEST COAST FOREST
-122.7548185,45.403452,14206950,8158.5,MARINE WEST COAST FOREST
-122.6850937,45.35650877,14207200,182854,MARINE WEST COAST FOREST
-122.3539746,45.29984346,14210000,173789,MARINE WEST COAST FOREST
-122.5773134,45.3792874,14211010,243460,MARINE WEST COAST FOREST
-123.7251209,45.47593996,14301500,41699,MARINE WEST COAST FOREST
-123.7103974,45.4462181,14302480,40404,MARINE WEST COAST FOREST
-122.7511989,44.79095556,444728122450000,178192,MARINE WEST COAST FOREST
-123.1559167,45.4586111,452731123092100,11266.5,MARINE WEST COAST FOREST
-122.852045,45.5009505,453004122510301,5879.3,MARINE WEST COAST FOREST
-122.9335,45.5081944,453030122560101,18648,MARINE WEST COAST FOREST
-122.8291417,45.5473472,453250122494501,751.1,MARINE WEST COAST FOREST
-122.4790532,48.9387257,12212050,9790.2,MARINE WEST COAST FOREST
-122.5893389,48.84483249,12213100,203574,MARINE WEST COAST FOREST
-122.4151216,47.13454378,12090400,1618.75,MARINE WEST COAST FOREST
-122.5104019,47.14593158,12090500,19114.2,MARINE WEST COAST FOREST
-122.0026114,47.169824,12098700,106190,MARINE WEST COAST FOREST
-122.2078967,47.27482295,12100490,122766,MARINE WEST COAST FOREST
-122.236111,47.23555556,12101102,124061,MARINE WEST COAST FOREST
-122.337343,47.19760016,12102075,3367,MARINE WEST COAST FOREST
-122.2243118,48.1753767,12169500,1947.68,MARINE WEST COAST FOREST
-122.3262635,48.2331551,12170000,1657.6,MARINE WEST COAST FOREST
-122.337374,48.2112101,12170300,171458,MARINE WEST COAST FOREST
-86.2597325,41.8292138,4101500,949494,MIXED WOOD PLAINS
-86.106703,42.65085976,4108660,505050,MIXED WOOD PLAINS
-85.6608333,43.02277778,4118564,1263236.758,MIXED WOOD PLAINS
-85.6735028,42.976625,4118997,1270395,MIXED WOOD PLAINS
-86.0264354,43.0241884,4119400,1370110,MIXED WOOD PLAINS
-83.9846833,42.88169789,4144032,2266.25,MIXED WOOD PLAINS
-83.8460698,42.9419733,41482663,4998.7,MIXED WOOD PLAINS
-91.261799,42.7399884,5412500,400155,MIXED WOOD PLAINS
-90.3350833,42.1638611,5418720,484071,MIXED WOOD PLAINS
-92.0040541,44.31191029,5374900,362600,MIXED WOOD PLAINS
-93.195,45.0933333,5288580,40404,MIXED WOOD PLAINS
-93.3102274,45.04996508,5288705,7303.8,MIXED WOOD PLAINS
-93.2127224,44.91552097,5289800,45584,MIXED WOOD PLAINS
-89.3377778,44.5244444,4080798,10360,MIXED WOOD PLAINS
-88.9958333,44.32916667,4081000,68635,MIXED WOOD PLAINS
-91.230175,44.9622,5364128,18130,MIXED WOOD PLAINS
-91.5382467,45.1104333,5364422,802.9,MIXED WOOD PLAINS
-91.6044444,45.12713889,53674962,1683.5,MIXED WOOD PLAINS
-91.6511111,45.0994444,53674967,6060.6,MIXED WOOD PLAINS
-89.6408333,43.1097222,5406457,2952.6,MIXED WOOD PLAINS
-89.635,43.12527778,5406469,2615.9,MIXED WOOD PLAINS
-89.6641667,43.1147222,5406479,6889.4,MIXED WOOD PLAINS
-89.7097222,43.125,5406497,10515.4,MIXED WOOD PLAINS
-89.7322222,43.13416667,5406500,11810.4,MIXED WOOD PLAINS
-89.5441667,42.94916667,5435950,21419.3,MIXED WOOD PLAINS
-75.0284722,43.01975,1342732,172494,MIXED WOOD PLAINS
-73.9903722,42.8281583,1354330,846930,MIXED WOOD PLAINS
-73.88725,42.8511111,1355475,870240,MIXED WOOD PLAINS
-73.7104167,42.78569444,135749950,432.53,MIXED WOOD PLAINS
-73.7768056,42.4996111,135980207,2225846,MIXED WOOD PLAINS
-74.6536111,42.1447222,1413500,42217,MIXED WOOD PLAINS
-74.8186111,42.12,1415000,8598.8,MIXED WOOD PLAINS
-75.14002778,42.1661111,1423000,85988,MIXED WOOD PLAINS
-74.6355556,41.82,1436000,23983.4,MIXED WOOD PLAINS
-74.62302778,41.66780556,1436655,7355.6,MIXED WOOD PLAINS
-78.9345278,42.46344444,4213500,112924,MIXED WOOD PLAINS
-78.7154167,43.31380556,4219768,21963.2,MIXED WOOD PLAINS
-78.2645278,43.3608333,4219915,27713,MIXED WOOD PLAINS
-78.38638889,43.17430556,4220045,37814,MIXED WOOD PLAINS
-78.3104444,43.301,422016550,52318,MIXED WOOD PLAINS
-78.1930556,43.35330556,422018610,70448,MIXED WOOD PLAINS
-77.9152222,43.3390833,4220223,22222.2,MIXED WOOD PLAINS
-77.8286944,42.6824722,4226000,17689.7,MIXED WOOD PLAINS
-77.6163056,43.1417222,4231600,640766,MIXED WOOD PLAINS
-77.5119444,43.145,423205010,36778,MIXED WOOD PLAINS
-76.50527778,43.45166667,4249000,1320900,MIXED WOOD PLAINS
-80.6625755,41.10505807,3098600,253302,MIXED WOOD PLAINS
-80.5361815,41.03672598,3099500,277907,MIXED WOOD PLAINS
-82.6082326,41.3008852,4199000,96089,MIXED WOOD PLAINS
-82.3168273,41.38199,4199500,67858,MIXED WOOD PLAINS
-82.10459279,41.38032368,4200500,102564,MIXED WOOD PLAINS
-81.6298478,41.39533087,4208000,183113,MIXED WOOD PLAINS
-81.2278789,41.7189339,4212100,177415,MIXED WOOD PLAINS
-75.21375,41.86727778,1427207,411810,MIXED WOOD PLAINS
-75.0574167,41.75675,1427510,471380,MIXED WOOD PLAINS
-77.0802457,41.7970183,1516350,39627,MIXED WOOD PLAINS
-77.1152486,41.95257385,1518700,115514,MIXED WOOD PLAINS
-80.3370083,40.88867389,3105500,578865,MIXED WOOD PLAINS
-80.2347222,42.07388889,4213152,9660.7,MIXED WOOD PLAINS
-72.6053669,41.9873186,1184000,2501940,MIXED WOOD PLAINS
-71.9556289,42.0223189,1124000,40145,MIXED WOOD PLAINS
-71.90051389,41.97846389,1125100,26159,MIXED WOOD PLAINS
-72.1214666,41.5587094,1127500,23128.7,MIXED WOOD PLAINS
-72.2022222,41.3686111,11277905,4558.4,MIXED WOOD PLAINS
-72.5497,41.9138972,1184490,4014.5,MIXED WOOD PLAINS
-72.7080556,41.78443889,1191000,6941.2,MIXED WOOD PLAINS
-72.5873114,41.7831548,1192500,19010.6,MIXED WOOD PLAINS
-72.45408889,41.63313056,1193348,150.22,MIXED WOOD PLAINS
-72.42947778,41.57416944,1193463,21367.5,MIXED WOOD PLAINS
-72.44925287,41.55232124,1193500,25900,MIXED WOOD PLAINS
-72.8857222,41.5991111,1195510,4791.5,MIXED WOOD PLAINS
-72.8634344,41.5292642,1196222,18026.4,MIXED WOOD PLAINS
-72.841275,41.45026389,1196500,29785,MIXED WOOD PLAINS
-72.8682056,41.39795,1196528,32893,MIXED WOOD PLAINS
-73.40320278,41.4658222,1201487,16135.7,MIXED WOOD PLAINS
-73.32984029,41.54981744,1203000,34188,MIXED WOOD PLAINS
-73.16663889,41.38380278,1205500,399896,MIXED WOOD PLAINS
-73.05344119,41.51843,1208350,54131,MIXED WOOD PLAINS
-73.0622833,41.4423,1208500,67340,MIXED WOOD PLAINS
-73.21900219,41.1798189,1208873,2745.4,MIXED WOOD PLAINS
-73.39512029,41.29454,1208990,5439,MIXED WOOD PLAINS
-67.80388889,46.1811111,1018035,66563,MIXED WOOD PLAINS
-67.2966667,45.17,1021050,376845,MIXED WOOD PLAINS
-68.6966667,44.82666667,1036390,1946385,MIXED WOOD PLAINS
-72.4719444,42.6833333,1161280,1819475,MIXED WOOD PLAINS
-71.7911829,42.41092507,1095220,7536.9,MIXED WOOD PLAINS
-71.8281279,42.37286967,1095375,11991.7,MIXED WOOD PLAINS
-71.775349,42.36453675,1095434,810.67,MIXED WOOD PLAINS
-71.4210556,42.67738889,10965305,1054130,MIXED WOOD PLAINS
-71.1766111,42.69291667,1100475,1206940,MIXED WOOD PLAINS
-71.1111111,42.76744444,1100671,1256150,MIXED WOOD PLAINS
-71.2894444,42.38555556,1104370,2641.8,MIXED WOOD PLAINS
-71.2695014,42.436484,1104405,559.44,MIXED WOOD PLAINS
-71.2642235,42.43648406,1104410,90.65,MIXED WOOD PLAINS
-71.2600567,42.43592855,1104415,106.19,MIXED WOOD PLAINS
-71.2575565,42.4198177,1104420,189.07,MIXED WOOD PLAINS
-71.2733903,42.3981512,1104430,1776.74,MIXED WOOD PLAINS
-71.2711679,42.39120689,1104433,93.24,MIXED WOOD PLAINS
-71.27527778,42.37138889,1104453,577.57,MIXED WOOD PLAINS
-71.27033448,42.37259606,1104455,124.32,MIXED WOOD PLAINS
-71.2706123,42.368985,1104460,5698,MIXED WOOD PLAINS
-71.2681121,42.3545408,1104475,220.15,MIXED WOOD PLAINS
-71.2650565,42.3556519,1104480,6138.3,MIXED WOOD PLAINS
-70.9564307,41.9339903,1108000,67599,MIXED WOOD PLAINS
-71.0894897,41.8998232,1108410,11266.5,MIXED WOOD PLAINS
-71.5722859,42.0228757,1111230,68117,MIXED WOOD PLAINS
-73.87438889,40.86230556,1302020,9945.6,MIXED WOOD PLAINS
-71.6061754,41.8525992,1115098,1284.64,MIXED WOOD PLAINS
-71.6095088,41.8456548,1115110,1613.57,MIXED WOOD PLAINS
-71.6120089,41.83759929,1115114,1217.3,MIXED WOOD PLAINS
-71.6089532,41.8314882,1115120,72.52,MIXED WOOD PLAINS
-71.584508,41.84093269,1115170,841.75,MIXED WOOD PLAINS
-71.5847857,41.79759966,1115183,507.64,MIXED WOOD PLAINS
-71.6200647,41.7887107,1115184,315.98,MIXED WOOD PLAINS
-71.72256829,41.83621005,1115185,1118.88,MIXED WOOD PLAINS
-71.7050677,41.8187102,1115187,3729.6,MIXED WOOD PLAINS
-71.70034528,41.8223213,1115190,1269.1,MIXED WOOD PLAINS
-71.6986785,41.7906548,1115265,2258.48,MIXED WOOD PLAINS
-71.67478879,41.7825994,1115275,160.58,MIXED WOOD PLAINS
-71.6672885,41.7853772,1115276,1341.62,MIXED WOOD PLAINS
-71.6694306,41.7968,1115278,494.69,MIXED WOOD PLAINS
-71.6497879,41.80398827,1115280,463.61,MIXED WOOD PLAINS
-71.6356207,41.7648219,1115297,1118.88,MIXED WOOD PLAINS
-71.8331247,41.38371065,1118500,76405,MIXED WOOD PLAINS
-88.0275,40.16416667,3336890,10541.3,CENTRAL USA PLAINS
-87.6427989,40.26531416,3338780,67858,CENTRAL USA PLAINS
-88.2302778,39.465,3343820,7174.3,CENTRAL USA PLAINS
-90.1576186,41.48892309,5447500,259777,CENTRAL USA PLAINS
-88.0825,41.53638889,5537980,389018,CENTRAL USA PLAINS
-88.6141667,41.2997222,5543010,2127685,CENTRAL USA PLAINS
-88.9839693,41.3247564,5553700,2863504,CENTRAL USA PLAINS
-88.53,40.72277778,5554300,17482.5,CENTRAL USA PLAINS
-89.3819444,41.3347222,5557500,25641,CENTRAL USA PLAINS
-89.2417516,40.62364814,5567500,198653,CENTRAL USA PLAINS
-89.435,39.54638889,5575550,3571.61,CENTRAL USA PLAINS
-89.7024444,39.71553889,5576100,33307.4,CENTRAL USA PLAINS
-89.6589361,39.659075,5576195,23421.37,CENTRAL USA PLAINS
-88.86388889,40.46777778,5579610,1890.7,CENTRAL USA PLAINS
-88.8797222,40.47277778,5579620,984.2,CENTRAL USA PLAINS
-88.8771667,40.4628611,5579624,1225.07,CENTRAL USA PLAINS
-88.8775,40.4583333,5579630,3833.2,CENTRAL USA PLAINS
-88.33638889,39.46527778,3343805,2331,CENTRAL USA PLAINS
-88.0594444,41.6408333,5536995,191401,CENTRAL USA PLAINS
-88.0997222,41.505,5538010,390054,CENTRAL USA PLAINS
-88.2144444,41.41444444,5539670,443149,CENTRAL USA PLAINS
-88.2514745,42.3100222,5549500,323750,CENTRAL USA PLAINS
-88.29388889,42.16194444,5550001,370111,CENTRAL USA PLAINS
-88.4433333,41.64277778,5551580,467236,CENTRAL USA PLAINS
-88.6605556,40.22777778,5578100,28912.17,CENTRAL USA PLAINS
-88.8097222,40.23527778,5578250,27687.1,CENTRAL USA PLAINS
-84.907183,39.80671459,3275500,31339,CENTRAL USA PLAINS
-86.3554444,39.88577778,3353415,878.01,CENTRAL USA PLAINS
-86.3615278,39.8725833,3353420,1217.3,CENTRAL USA PLAINS
-85.1223333,41.08494444,4182867,498834,CENTRAL USA PLAINS
-86.7061667,41.38963889,5515500,140378,CENTRAL USA PLAINS
-86.968356,41.2200392,5517500,350168,CENTRAL USA PLAINS
-87.3403096,41.1828134,5518000,460761,CENTRAL USA PLAINS
-87.3066912,40.87059306,5524500,116291,CENTRAL USA PLAINS
-86.2602702,39.94642897,3353200,27454,CENTRAL USA PLAINS
-87.3558333,41.56610556,4093176,46.62,CENTRAL USA PLAINS
-84.8696944,41.1830833,4183038,3201.24,CENTRAL USA PLAINS
-82.90881,42.5958674,4165500,190106,CENTRAL USA PLAINS
-83.2546513,42.3730923,4166500,48433,CENTRAL USA PLAINS
-83.2527063,42.30837099,4168400,23569,CENTRAL USA PLAINS
-83.951918,43.4219699,4157005,1569540,CENTRAL USA PLAINS
-83.02659329,42.6144781,4161820,80031,CENTRAL USA PLAINS
-83.2479841,42.3305929,4167150,28490,CENTRAL USA PLAINS
-83.7338296,42.28698238,4174500,188811,CENTRAL USA PLAINS
-83.25388889,42.06416667,4175120,229992,CENTRAL USA PLAINS
-83.53104619,41.9606008,4176500,269878,CENTRAL USA PLAINS
-84.7444033,41.19893889,4183500,551411,CENTRAL USA PLAINS
-83.1971372,40.4195042,3219500,146853,CENTRAL USA PLAINS
-83.1263,40.15311775,3220510,253561,CENTRAL USA PLAINS
-83.0094444,39.8397222,3228039,439264,CENTRAL USA PLAINS
-82.8512892,40.2361735,3228300,26159,CENTRAL USA PLAINS
-84.4319444,39.26944444,3255349,12950,CENTRAL USA PLAINS
-84.2924416,39.63728058,3271510,702667,CENTRAL USA PLAINS
-83.6532653,40.9792203,4188496,13209,CENTRAL USA PLAINS
-83.7388261,41.47616368,4193490,1635067,CENTRAL USA PLAINS
-83.7127145,41.5000526,4193500,1639470,CENTRAL USA PLAINS
-83.3613156,41.449496,4195500,110852,CENTRAL USA PLAINS
-88.1296944,44.53338889,4072150,27972,CENTRAL USA PLAINS
-88.01,44.5286111,40851385,1639470,CENTRAL USA PLAINS
-87.7160278,44.10616667,4085427,136234,CENTRAL USA PLAINS
-88.0051111,43.0438333,4087119,2667.7,CENTRAL USA PLAINS
-87.934252,43.03390256,4087142,37814,CENTRAL USA PLAINS
-87.9519444,42.9897222,40871488,2937.06,CENTRAL USA PLAINS
-87.8983333,43.02444444,4087170,225848,CENTRAL USA PLAINS
-89.3615417,42.99951944,5429369,1851.85,CENTRAL USA PLAINS
-89.5394444,42.97694444,5435943,5257.7,CENTRAL USA PLAINS
-88.225923,42.61085116,5545750,210049,CENTRAL USA PLAINS
-98.3558463,29.2221853,8181800,451437,SOUTHEASTERN USA PLAINS
-97.3848583,28.6492861,8188500,1015539,SOUTHEASTERN USA PLAINS
-95.9844444,33.6822222,7332620,69930,SOUTHEASTERN USA PLAINS
-95.9611111,33.74416667,7332622,95830,SOUTHEASTERN USA PLAINS
-94.6943774,33.68400005,7336820,12242412,SOUTHEASTERN USA PLAINS
-96.4630415,32.42652988,8062500,2110073,SOUTHEASTERN USA PLAINS
-95.6563407,31.33851319,8065350,3602949,SOUTHEASTERN USA PLAINS
-95.4571616,30.24465738,8068000,214452,SOUTHEASTERN USA PLAINS
-95.4363275,30.11049517,8068500,105931,SOUTHEASTERN USA PLAINS
-95.2579888,30.02716385,8069500,450919,SOUTHEASTERN USA PLAINS
-95.1246139,30.14523056,8070200,100492,SOUTHEASTERN USA PLAINS
-96.544135,30.6268665,8108700,10113691,SOUTHEASTERN USA PLAINS
-96.6902778,30.54027778,8110075,17845.1,SOUTHEASTERN USA PLAINS
-96.1877387,30.12910626,8111500,11364920,SOUTHEASTERN USA PLAINS
-97.7371389,28.84869444,8188060,924630,SOUTHEASTERN USA PLAINS
-85.06,31.62138889,23432415,1932140,SOUTHEASTERN USA PLAINS
-86.1955222,32.43985898,2419890,1203314,SOUTHEASTERN USA PLAINS
-75.74875,39.6892222,1478650,17871,SOUTHEASTERN USA PLAINS
-75.6950833,39.70688889,1478950,1525.51,SOUTHEASTERN USA PLAINS
-75.6365,39.76280556,1480000,12173,SOUTHEASTERN USA PLAINS
-75.5766944,39.7695,1481500,81326,SOUTHEASTERN USA PLAINS
-77.0420556,38.96016667,1648010,16498.3,SOUTHEASTERN USA PLAINS
-76.9688611,38.9161111,1651770,261.59,SOUTHEASTERN USA PLAINS
-76.94327778,38.90127778,1651800,870.24,SOUTHEASTERN USA PLAINS
-82.9331875,30.3929988,2315550,681170,SOUTHEASTERN USA PLAINS
-83.073195,30.59826888,2317620,435120,SOUTHEASTERN USA PLAINS
-83.2595906,30.59548716,2319000,549080,SOUTHEASTERN USA PLAINS
-83.18013979,30.41049435,2319394,603470,SOUTHEASTERN USA PLAINS
-83.24958439,30.2449425,2319800,1862210,SOUTHEASTERN USA PLAINS
-83.1715247,30.09994513,2320000,1885520,SOUTHEASTERN USA PLAINS
-82.9276278,29.955785,2320500,2040920,SOUTHEASTERN USA PLAINS
-82.6084508,29.85273894,2321975,222481,SOUTHEASTERN USA PLAINS
-84.8590871,30.7010251,2358000,4454800,SOUTHEASTERN USA PLAINS
-84.4152778,33.68388889,2203603,626.78,SOUTHEASTERN USA PLAINS
-84.35813889,33.67891667,2203655,5827.5,SOUTHEASTERN USA PLAINS
-84.3301111,33.68902778,2203700,2745.4,SOUTHEASTERN USA PLAINS
-84.2921944,33.70569444,2203831,1100.75,SOUTHEASTERN USA PLAINS
-84.25388889,33.69319444,2203863,2235.17,SOUTHEASTERN USA PLAINS
-84.2391667,33.70941667,2203873,2064.23,SOUTHEASTERN USA PLAINS
-84.224,33.66577778,2203900,25641,SOUTHEASTERN USA PLAINS
-84.2203611,33.7632222,2203950,3418.8,SOUTHEASTERN USA PLAINS
-84.1986111,33.69666667,2203960,8443.4,SOUTHEASTERN USA PLAINS
-84.1511667,33.66819444,2204037,4169.9,SOUTHEASTERN USA PLAINS
-84.005,34.00194444,2205000,331.52,SOUTHEASTERN USA PLAINS
-84.1077778,33.9411111,2205865,5439,SOUTHEASTERN USA PLAINS
-84.0783333,33.85305556,2206500,35224,SOUTHEASTERN USA PLAINS
-84.0577778,33.7722222,2207120,41699,SOUTHEASTERN USA PLAINS
-84.1393333,33.83041667,2207135,569.8,SOUTHEASTERN USA PLAINS
-84.0771667,33.77327778,2207160,7355.6,SOUTHEASTERN USA PLAINS
-84.0377778,33.7775,2207185,2615.9,SOUTHEASTERN USA PLAINS
-83.99013889,33.81527778,2207385,4480.7,SOUTHEASTERN USA PLAINS
-83.9425,33.82138889,2207400,2118.62,SOUTHEASTERN USA PLAINS
-83.8880556,33.91694444,2208150,7977.2,SOUTHEASTERN USA PLAINS
-83.7784167,33.63938889,2208450,46879,SOUTHEASTERN USA PLAINS
-83.7988611,33.6285,2208493,7485.1,SOUTHEASTERN USA PLAINS
-83.8544444,34.0822222,2217274,339.29,SOUTHEASTERN USA PLAINS
-83.5250944,34.1620583,2217643,789.95,SOUTHEASTERN USA PLAINS
-83.8941667,34.01027778,2218565,1463.35,SOUTHEASTERN USA PLAINS
-83.4536111,30.79305556,2318500,383320,SOUTHEASTERN USA PLAINS
-84.07,34.1325,2334480,2426.83,SOUTHEASTERN USA PLAINS
-84.0780556,34.09638889,2334578,1310.54,SOUTHEASTERN USA PLAINS
-84.08888889,34.0325,2334885,12198.9,SOUTHEASTERN USA PLAINS
-84.2019444,33.9972222,2335000,303030,SOUTHEASTERN USA PLAINS
-84.2647222,33.965,2335350,2297.33,SOUTHEASTERN USA PLAINS
-84.4430278,33.9019722,2335880,367780,SOUTHEASTERN USA PLAINS
-84.4544444,33.85916667,2336000,375550,SOUTHEASTERN USA PLAINS
-84.225,33.9058333,2336030,396.27,SOUTHEASTERN USA PLAINS
-84.3427778,33.83155556,2336120,9013.2,SOUTHEASTERN USA PLAINS
-84.2479722,33.81044444,2336152,1455.58,SOUTHEASTERN USA PLAINS
-84.2747222,33.82138889,23362095,844.34,SOUTHEASTERN USA PLAINS
-84.3406944,33.8030833,2336240,7148.4,SOUTHEASTERN USA PLAINS
-84.40763889,33.82030556,2336300,22481.2,SOUTHEASTERN USA PLAINS
-84.43863889,33.82163889,2336313,701.89,SOUTHEASTERN USA PLAINS
-84.34525,33.89775,2336340,4610.2,SOUTHEASTERN USA PLAINS
-84.37888889,33.86916667,2336360,6889.4,SOUTHEASTERN USA PLAINS
-84.4392778,33.8382222,2336410,9764.3,SOUTHEASTERN USA PLAINS
-84.4741944,33.7944722,2336526,3470.6,SOUTHEASTERN USA PLAINS
-84.5681667,33.74352778,2336728,8780.1,SOUTHEASTERN USA PLAINS
-84.6736111,33.65666667,2337170,533540,SOUTHEASTERN USA PLAINS
-84.8210278,33.65380556,2337410,17223.5,SOUTHEASTERN USA PLAINS
-85.1066111,31.24908333,2343805,2126390,SOUTHEASTERN USA PLAINS
-84.5826111,33.35727778,2344630,17974.6,SOUTHEASTERN USA PLAINS
-84.5727222,33.38316667,2344673,4765.6,SOUTHEASTERN USA PLAINS
-84.5805,30.91030556,2356000,1960630,SOUTHEASTERN USA PLAINS
-84.7490864,30.90407668,2357150,147889,SOUTHEASTERN USA PLAINS
-84.0198056,34.4090833,2388975,25200.7,SOUTHEASTERN USA PLAINS
-84.1133333,34.35805556,2389150,33929,SOUTHEASTERN USA PLAINS
-85.2793056,33.49269444,2413210,63455,SOUTHEASTERN USA PLAINS
-87.5972419,40.10087009,3339000,334110,SOUTHEASTERN USA PLAINS
-87.6644444,38.7236111,3346500,604247,SOUTHEASTERN USA PLAINS
-88.1561111,38.0922222,3381495,799792,SOUTHEASTERN USA PLAINS
-89.058404,37.17921867,3612600,52577000,SOUTHEASTERN USA PLAINS
-90.156793,41.8944725,5420400,22170400,SOUTHEASTERN USA PLAINS
-90.1852778,41.5561111,5446500,2473191,SOUTHEASTERN USA PLAINS
-90.6077778,39.63277778,5586300,6959330,SOUTHEASTERN USA PLAINS
-89.8883333,38.3197222,5595000,1343951,SOUTHEASTERN USA PLAINS
-89.3277778,37.7583333,5599490,559181,SOUTHEASTERN USA PLAINS
-89.3561111,41.1072222,5558300,3507896,SOUTHEASTERN USA PLAINS
-85.0032932,39.43393969,3276000,98420,SOUTHEASTERN USA PLAINS
-87.0712778,39.71116667,3340900,57498,SOUTHEASTERN USA PLAINS
-87.55002269,38.4897695,3374100,2927995,SOUTHEASTERN USA PLAINS
-87.941419,38.130879,3378500,7571606,SOUTHEASTERN USA PLAINS
-86.70554179,37.89950088,3303280,25123000,SOUTHEASTERN USA PLAINS
-90.252073,41.78058635,5420500,22170400,SOUTHEASTERN USA PLAINS
-91.1820939,41.1780861,5465500,3237500,SOUTHEASTERN USA PLAINS
-90.4056667,41.5738333,5422410,22895600,SOUTHEASTERN USA PLAINS
-91.374318,40.39365535,5474500,30821000,SOUTHEASTERN USA PLAINS
-84.44799549,38.9203417,3254520,930587,SOUTHEASTERN USA PLAINS
-84.9632844,38.43895654,3290500,1600620,SOUTHEASTERN USA PLAINS
-85.9421857,38.0011831,3302060,756280,SOUTHEASTERN USA PLAINS
-86.2508064,37.2742157,3311000,182077,SOUTHEASTERN USA PLAINS
-87.4097294,37.8583774,3321500,2377879,SOUTHEASTERN USA PLAINS
-84.4827199,39.0972823,3238140,1098.16,SOUTHEASTERN USA PLAINS
-84.3382712,38.9514529,3238745,10101,SOUTHEASTERN USA PLAINS
-84.3652778,38.98666667,3238772,802.9,SOUTHEASTERN USA PLAINS
-84.5322222,38.84444444,3254480,4662,SOUTHEASTERN USA PLAINS
-84.5416667,38.98055556,3254550,7770,SOUTHEASTERN USA PLAINS
-84.4850474,39.05020525,3254693,813.26,SOUTHEASTERN USA PLAINS
-84.5577214,39.08533764,3260015,1655.01,SOUTHEASTERN USA PLAINS
-84.6160558,39.05894888,3260050,3315.2,SOUTHEASTERN USA PLAINS
-84.6852778,39.0797222,3260100,1043.77,SOUTHEASTERN USA PLAINS
-84.8041667,39.03,3262001,6267.8,SOUTHEASTERN USA PLAINS
-84.7161111,38.99416667,3277075,9479.4,SOUTHEASTERN USA PLAINS
-84.72077969,38.8450635,3277130,9427.6,SOUTHEASTERN USA PLAINS
-84.9643932,38.77478484,3277200,21541030,SOUTHEASTERN USA PLAINS
-84.4786111,37.9383333,3284533,5047.91,SOUTHEASTERN USA PLAINS
-84.5011111,37.95777778,3284552,3908.31,SOUTHEASTERN USA PLAINS
-84.4111111,38.04006944,3287590,1048.95,SOUTHEASTERN USA PLAINS
-84.50138889,38.09166667,3288180,1434.86,SOUTHEASTERN USA PLAINS
-84.6263318,38.0431322,3289000,6216,SOUTHEASTERN USA PLAINS
-84.5879977,38.103687,3289200,7770,SOUTHEASTERN USA PLAINS
-85.5749608,38.36173418,3292470,18207.7,SOUTHEASTERN USA PLAINS
-85.606072,38.2759036,3292474,1554,SOUTHEASTERN USA PLAINS
-85.62801689,38.3034027,3292475,2615.9,SOUTHEASTERN USA PLAINS
-85.6257947,38.31256909,3292480,1502.2,SOUTHEASTERN USA PLAINS
-85.7024613,38.2114592,3292500,4454.8,SOUTHEASTERN USA PLAINS
-85.7377399,38.23923766,3292555,6397.3,SOUTHEASTERN USA PLAINS
-85.6344054,38.2400708,3292900,3677.8,SOUTHEASTERN USA PLAINS
-85.6646834,38.237293,3293000,4895.1,SOUTHEASTERN USA PLAINS
-85.7166287,38.25034895,3293500,6423.2,SOUTHEASTERN USA PLAINS
-85.721351,38.26701505,3293510,15565.9,SOUTHEASTERN USA PLAINS
-85.693573,38.27645917,3293530,1605.8,SOUTHEASTERN USA PLAINS
-85.8899635,38.07812588,3294570,3496.5,SOUTHEASTERN USA PLAINS
-85.6411111,37.9911111,3297800,3133.9,SOUTHEASTERN USA PLAINS
-85.4674592,38.28534776,3297900,20694.1,SOUTHEASTERN USA PLAINS
-85.460235,38.18840166,3298000,35742,SOUTHEASTERN USA PLAINS
-85.557181,38.19479109,3298135,1416.73,SOUTHEASTERN USA PLAINS
-85.5421797,38.16006729,3298150,3004.4,SOUTHEASTERN USA PLAINS
-85.5549556,38.08534216,3298200,55167,SOUTHEASTERN USA PLAINS
-85.6160683,38.0792321,3298250,2874.9,SOUTHEASTERN USA PLAINS
-85.642458,38.08756629,3298300,1657.6,SOUTHEASTERN USA PLAINS
-85.615237,38.1756242,3301900,906.5,SOUTHEASTERN USA PLAINS
-85.6935714,38.1503466,3301940,2874.9,SOUTHEASTERN USA PLAINS
-85.7957955,38.1197916,3302000,16576,SOUTHEASTERN USA PLAINS
-85.8716296,38.05423677,3302030,20797.7,SOUTHEASTERN USA PLAINS
-85.8571848,38.0478476,3302050,1036,SOUTHEASTERN USA PLAINS
-76.15775,39.62605556,1579550,7070700,SOUTHEASTERN USA PLAINS
-77.12763889,38.94977778,1646500,2994040,SOUTHEASTERN USA PLAINS
-76.3474444,39.49627778,1581752,647.5,SOUTHEASTERN USA PLAINS
-76.34263889,39.40852778,1585075,473.97,SOUTHEASTERN USA PLAINS
-76.55513889,39.3179722,1585219,4221.7,SOUTHEASTERN USA PLAINS
-76.76175,39.3615833,1589290,836.57,SOUTHEASTERN USA PLAINS
-77.6340833,39.34125,1636845,1077.44,SOUTHEASTERN USA PLAINS
-77.6264722,39.3376111,1636846,1178.45,SOUTHEASTERN USA PLAINS
-77.4405833,39.43602778,1642198,1126.65,SOUTHEASTERN USA PLAINS
-77.42977778,39.42441667,1642199,1898.47,SOUTHEASTERN USA PLAINS
-76.96402778,39.0333611,1649190,3392.9,SOUTHEASTERN USA PLAINS
-76.9259722,38.96025,1649500,18855.2,SOUTHEASTERN USA PLAINS
-77.0048611,38.9862222,1650800,1670.55,SOUTHEASTERN USA PLAINS
-76.96513889,38.95255556,1651000,12794.6,SOUTHEASTERN USA PLAINS
-76.9343056,38.91630556,1651730,3859.1,SOUTHEASTERN USA PLAINS
-77.05602778,38.59613889,1658000,14193.2,SOUTHEASTERN USA PLAINS
-89.19825,32.78069444,2481960,1968.4,SOUTHEASTERN USA PLAINS
-89.1969444,32.78888889,2481961,2131.57,SOUTHEASTERN USA PLAINS
-89.2105278,32.80169444,2481962,253.82,SOUTHEASTERN USA PLAINS
-89.2720556,32.81119444,2481970,890.96,SOUTHEASTERN USA PLAINS
-89.2370556,32.7075,2481984,1916.6,SOUTHEASTERN USA PLAINS
-89.3063889,32.78991667,2481998,14011.9,SOUTHEASTERN USA PLAINS
-91.4385,38.70980556,6934500,135327500,SOUTHEASTERN USA PLAINS
-74.2691667,40.89638889,1389005,191660,SOUTHEASTERN USA PLAINS
-74.28,40.99194444,1388000,41440,SOUTHEASTERN USA PLAINS
-74.58277778,40.55555556,1400500,126910,SOUTHEASTERN USA PLAINS
-75.065,40.5261111,1458500,1662780,SOUTHEASTERN USA PLAINS
-77.58027778,36.3311111,208062765,2188550,SOUTHEASTERN USA PLAINS
-79.4230754,35.73514055,2101726,17793.3,SOUTHEASTERN USA PLAINS
-78.8133333,35.4061111,2102500,897176,SOUTHEASTERN USA PLAINS
-84.5575,39.16305556,3259757,1629.11,SOUTHEASTERN USA PLAINS
-84.5475,39.15,3259813,2463.09,SOUTHEASTERN USA PLAINS
-76.7555556,40.1533333,1573660,4532.5,SOUTHEASTERN USA PLAINS
-76.7180813,40.0809008,1574000,132090,SOUTHEASTERN USA PLAINS
-76.6544444,40.0522222,1575598,71743,SOUTHEASTERN USA PLAINS
-76.5155214,40.0628745,1575900,27972,SOUTHEASTERN USA PLAINS
-76.5480556,40.01416667,1576007,8365.7,SOUTHEASTERN USA PLAINS
-76.50027778,39.94194444,1576045,4092.2,SOUTHEASTERN USA PLAINS
-76.3157919,39.77260378,1577500,34447,SOUTHEASTERN USA PLAINS
-74.9568342,40.1739982,1465500,54390,SOUTHEASTERN USA PLAINS
-75.0690611,40.08983289,1467042,9816.1,SOUTHEASTERN USA PLAINS
-75.0326713,40.05011137,1467048,12898.2,SOUTHEASTERN USA PLAINS
-75.1121191,40.04261157,1467086,4325.3,SOUTHEASTERN USA PLAINS
-75.451567,40.22954725,1473000,72261,SOUTHEASTERN USA PLAINS
-75.46074808,40.07927367,1473169,5387.2,SOUTHEASTERN USA PLAINS
-75.3468502,40.11121934,1473500,455840,SOUTHEASTERN USA PLAINS
-75.2198992,40.1239987,1473900,10567.2,SOUTHEASTERN USA PLAINS
-75.2068459,40.01539,1474000,16576,SOUTHEASTERN USA PLAINS
-75.1885123,39.9678905,1474500,490287,SOUTHEASTERN USA PLAINS
-75.2724064,39.92900154,1475510,9686.6,SOUTHEASTERN USA PLAINS
-75.2799067,39.97483455,1475530,1238.02,SOUTHEASTERN USA PLAINS
-75.2376361,39.9327861,1475548,5154.1,SOUTHEASTERN USA PLAINS
-75.7832743,39.8584423,1478100,722.61,SOUTHEASTERN USA PLAINS
-75.780773,39.8284429,1478120,2926.7,SOUTHEASTERN USA PLAINS
-75.7791061,39.8217764,1478137,347.06,SOUTHEASTERN USA PLAINS
-75.8450833,39.8325833,1478185,1212.12,SOUTHEASTERN USA PLAINS
-75.7960492,39.76566619,1478220,2569.28,SOUTHEASTERN USA PLAINS
-75.7708333,39.7475,1478245,15332.8,SOUTHEASTERN USA PLAINS
-75.8013341,39.9617734,1480617,14245,SOUTHEASTERN USA PLAINS
-75.6732715,39.9687191,1480870,23284.1,SOUTHEASTERN USA PLAINS
-75.5932623,39.8698328,1481000,74333,SOUTHEASTERN USA PLAINS
-76.56777778,40.19527778,1573695,5309.5,SOUTHEASTERN USA PLAINS
-76.68775,40.14930556,1573710,12302.5,SOUTHEASTERN USA PLAINS
-76.5307992,40.0545413,1576000,6731410,SOUTHEASTERN USA PLAINS
-76.26403889,39.9959361,15765195,435.12,SOUTHEASTERN USA PLAINS
-76.33329279,39.82788027,1576980,6925660,SOUTHEASTERN USA PLAINS
-80.6203645,33.82848933,2148315,1447810,SOUTHEASTERN USA PLAINS
-81.4212089,34.5951393,2156500,722610,SOUTHEASTERN USA PLAINS
-81.548158,34.5354163,2160105,196581,SOUTHEASTERN USA PLAINS
-81.5981594,34.5093039,2160700,114996,SOUTHEASTERN USA PLAINS
-81.3303747,34.26070285,2160991,1230250,SOUTHEASTERN USA PLAINS
-81.0878717,34.0140416,2169000,652680,SOUTHEASTERN USA PLAINS
-86.8997222,36.0172222,3432800,92325.73,SOUTHEASTERN USA PLAINS
-85.5144139,36.55422759,3417500,1892513,SOUTHEASTERN USA PLAINS
-85.9408197,36.2867212,3418420,2096605,SOUTHEASTERN USA PLAINS
-86.6586324,36.29711845,3426310,3023307,SOUTHEASTERN USA PLAINS
-86.42554779,35.8989535,3428180,44030,SOUTHEASTERN USA PLAINS
-86.6327739,36.1864446,3430200,241906,SOUTHEASTERN USA PLAINS
-86.699164,36.16394545,3431083,27713,SOUTHEASTERN USA PLAINS
-86.7213866,36.1653343,3431091,3320121,SOUTHEASTERN USA PLAINS
-86.8322218,36.1831118,3431514,3331258,SOUTHEASTERN USA PLAINS
-86.6988861,35.83256495,3432100,17249.4,SOUTHEASTERN USA PLAINS
-86.7908328,35.87839755,3432331,41440,SOUTHEASTERN USA PLAINS
-86.8428894,35.89984185,343233905,47376.28,SOUTHEASTERN USA PLAINS
-86.8654982,35.9208165,3432350,49728,SOUTHEASTERN USA PLAINS
-86.8546675,35.9434521,3432390,2667.7,SOUTHEASTERN USA PLAINS
-86.88972369,35.9581186,34324146,55167,SOUTHEASTERN USA PLAINS
-86.9186131,35.96422969,3432670,30303,SOUTHEASTERN USA PLAINS
-86.9285102,36.0545633,3433500,105931,SOUTHEASTERN USA PLAINS
-87.0988948,35.9053426,3433640,419.58,SOUTHEASTERN USA PLAINS
-87.09889379,36.1220032,3434500,176897,SOUTHEASTERN USA PLAINS
-87.2161111,36.3147222,3434870,3667440,SOUTHEASTERN USA PLAINS
-86.4625967,35.48290044,3597860,110075,SOUTHEASTERN USA PLAINS
-86.4991609,35.48035,3598000,124579,SOUTHEASTERN USA PLAINS
-86.498327,35.55757044,3598165,3341.1,SOUTHEASTERN USA PLAINS
-86.4855491,35.56173718,359816545,732.97,SOUTHEASTERN USA PLAINS
-86.44416,35.57173749,3598169,1447.81,SOUTHEASTERN USA PLAINS
-86.488049,35.5836811,3598173,4247.6,SOUTHEASTERN USA PLAINS
-86.5166667,35.56444444,3598177,9220.4,SOUTHEASTERN USA PLAINS
-87.103895,35.87201008,3601630,209.79,SOUTHEASTERN USA PLAINS
-77.3382627,38.90888916,1645762,701.89,SOUTHEASTERN USA PLAINS
-77.24581439,38.97594346,1646000,14970.2,SOUTHEASTERN USA PLAINS
-77.2283158,38.81289066,1654000,6190.1,SOUTHEASTERN USA PLAINS
-77.3322018,37.76764189,1673000,279202,SOUTHEASTERN USA PLAINS
-77.463,37.75669444,167300055,282.31,SOUTHEASTERN USA PLAINS
-78.0858328,37.67097957,2035000,1619268,SOUTHEASTERN USA PLAINS
-77.3324293,38.88469518,1645704,1421.91,SOUTHEASTERN USA PLAINS
-77.1756743,38.95977716,1646305,530.95,SOUTHEASTERN USA PLAINS
-77.2863833,38.86624167,165389205,1033.41,SOUTHEASTERN USA PLAINS
-77.2349827,38.8109462,1654500,963.48,SOUTHEASTERN USA PLAINS
-77.7475556,38.67577778,1655794,1344.21,SOUTHEASTERN USA PLAINS
-77.4319047,38.8823899,1656903,1087.8,SOUTHEASTERN USA PLAINS
-77.9105278,38.7244722,1661977,12561.5,SOUTHEASTERN USA PLAINS
-77.52915268,38.30846178,1668000,413105,SOUTHEASTERN USA PLAINS
-77.2321667,38.1296111,166818623,3703.7,SOUTHEASTERN USA PLAINS
-77.2235,38.12894444,166818985,7252,SOUTHEASTERN USA PLAINS
-78.8993056,37.8838611,202848938,745.92,SOUTHEASTERN USA PLAINS
-77.0608027,37.43625765,2042500,65009,SOUTHEASTERN USA PLAINS
-79.8268333,37.05227778,205696042,42476,SOUTHEASTERN USA PLAINS
-79.8254722,37.0558333,205696095,42735,SOUTHEASTERN USA PLAINS
-78.2977743,36.60319824,2079500,2037294,SOUTHEASTERN USA PLAINS
-94.1360222,36.0432583,7048495,3056.2,OZARK/OUACHITA-APPALACHIAN FORESTS
-94.0830556,36.05388889,7048550,31857,OZARK/OUACHITA-APPALACHIAN FORESTS
-94.0811111,36.07305556,7048600,103600,OZARK/OUACHITA-APPALACHIAN FORESTS
-93.855,36.2,7049000,68117,OZARK/OUACHITA-APPALACHIAN FORESTS
-93.0435069,35.97896536,7055814,23284.1,OZARK/OUACHITA-APPALACHIAN FORESTS
-92.7076667,35.54705,7075250,12328.4,OZARK/OUACHITA-APPALACHIAN FORESTS
-92.6219444,35.5697222,7075270,19347.3,OZARK/OUACHITA-APPALACHIAN FORESTS
-94.2279838,36.2814662,7194880,8987.3,OZARK/OUACHITA-APPALACHIAN FORESTS
-94.2391389,36.24377778,7194933,9065,OZARK/OUACHITA-APPALACHIAN FORESTS
-93.0411111,35.46638889,7257500,62419,OZARK/OUACHITA-APPALACHIAN FORESTS
-92.6855556,34.87888889,7263296,18907,OZARK/OUACHITA-APPALACHIAN FORESTS
-92.6538889,34.87527778,72632966,23154.6,OZARK/OUACHITA-APPALACHIAN FORESTS
-93.3090721,36.5950631,7053450,1041180,OZARK/OUACHITA-APPALACHIAN FORESTS
-90.8424444,37.55255556,7061270,13519.8,OZARK/OUACHITA-APPALACHIAN FORESTS
-90.8383333,37.4936111,7061290,22610.7,OZARK/OUACHITA-APPALACHIAN FORESTS
-94.6852238,36.3225808,71912213,42217,OZARK/OUACHITA-APPALACHIAN FORESTS
-94.7763388,36.35535924,7191222,15306.9,OZARK/OUACHITA-APPALACHIAN FORESTS
-85.447458,34.20176124,2397530,1129758,OZARK/OUACHITA-APPALACHIAN FORESTS
-86.599431,33.62232504,2423130,5102.3,OZARK/OUACHITA-APPALACHIAN FORESTS
-86.5491517,33.60371416,2423160,13157.2,OZARK/OUACHITA-APPALACHIAN FORESTS
-86.7127653,33.4817724,2423380,36260,OZARK/OUACHITA-APPALACHIAN FORESTS
-86.5624847,33.53454886,2423397,4403,OZARK/OUACHITA-APPALACHIAN FORESTS
-86.7841551,33.3692767,2423496,58534,OZARK/OUACHITA-APPALACHIAN FORESTS
-86.7594183,33.3449441,242354650,3703.7,OZARK/OUACHITA-APPALACHIAN FORESTS
-86.7169325,33.52093809,2423571,2450.14,OZARK/OUACHITA-APPALACHIAN FORESTS
-86.8136007,33.4487185,2423586,7018.9,OZARK/OUACHITA-APPALACHIAN FORESTS
-86.6961013,33.71121273,2455980,7096.6,OZARK/OUACHITA-APPALACHIAN FORESTS
-86.8680483,33.5970492,2457595,13442.1,OZARK/OUACHITA-APPALACHIAN FORESTS
-86.7188778,33.5770483,2458148,1061.9,OZARK/OUACHITA-APPALACHIAN FORESTS
-86.8791584,33.5176059,2458450,8676.5,OZARK/OUACHITA-APPALACHIAN FORESTS
-86.8911032,33.5239948,2458502,9505.3,OZARK/OUACHITA-APPALACHIAN FORESTS
-86.8364556,33.5057722,2461130,1813,OZARK/OUACHITA-APPALACHIAN FORESTS
-86.8721722,33.4926111,2461192,3502.716,OZARK/OUACHITA-APPALACHIAN FORESTS
-86.9527705,33.4256647,2461405,7770,OZARK/OUACHITA-APPALACHIAN FORESTS
-83.2574012,36.75230974,3400800,14452.2,OZARK/OUACHITA-APPALACHIAN FORESTS
-84.5630556,36.70277778,3410590,15488.2,OZARK/OUACHITA-APPALACHIAN FORESTS
-77.5431111,39.2735833,1638500,2499609,OZARK/OUACHITA-APPALACHIAN FORESTS
-74.9525,41.1061111,1440000,16576,OZARK/OUACHITA-APPALACHIAN FORESTS
-74.9533333,40.9808333,1443500,32634,OZARK/OUACHITA-APPALACHIAN FORESTS
-75.0825,40.82638889,1446500,1174565,OZARK/OUACHITA-APPALACHIAN FORESTS
-74.5522222,41.49963889,1437349,12224.8,OZARK/OUACHITA-APPALACHIAN FORESTS
-74.5893056,41.45394444,1437400,18207.7,OZARK/OUACHITA-APPALACHIAN FORESTS
-74.60188889,41.4413611,1437500,79513,OZARK/OUACHITA-APPALACHIAN FORESTS
-82.5525,35.42916667,3447687,165760,OZARK/OUACHITA-APPALACHIAN FORESTS
-82.5772222,35.5122222,3448050,175861,OZARK/OUACHITA-APPALACHIAN FORESTS
-82.5969444,35.56138889,344878100,26936,OZARK/OUACHITA-APPALACHIAN FORESTS
-82.5686111,35.585,3451200,242424,OZARK/OUACHITA-APPALACHIAN FORESTS
-82.5780556,35.60888889,3451500,244755,OZARK/OUACHITA-APPALACHIAN FORESTS
-83.3712647,35.18592846,3501500,76405,OZARK/OUACHITA-APPALACHIAN FORESTS
-83.3536111,35.46138889,3512000,47656,OZARK/OUACHITA-APPALACHIAN FORESTS
-81.1255556,40.46166667,3119341,3367,OZARK/OUACHITA-APPALACHIAN FORESTS
-81.1127778,40.5133333,3119971,2926.7,OZARK/OUACHITA-APPALACHIAN FORESTS
-81.1369444,40.52888889,3119979,370.37,OZARK/OUACHITA-APPALACHIAN FORESTS
-81.1847222,40.5536111,3120820,9816.1,OZARK/OUACHITA-APPALACHIAN FORESTS
-81.1927778,40.57805556,3120869,2015.02,OZARK/OUACHITA-APPALACHIAN FORESTS
-81.2572222,40.56805556,3120961,875.42,OZARK/OUACHITA-APPALACHIAN FORESTS
-81.1272222,40.08416667,3125338,9816.1,OZARK/OUACHITA-APPALACHIAN FORESTS
-81.1483333,40.24777778,3126395,9298.1,OZARK/OUACHITA-APPALACHIAN FORESTS
-81.11388889,40.3386111,3127980,6034.7,OZARK/OUACHITA-APPALACHIAN FORESTS
-81.1152778,40.31166667,3127986,3496.5,OZARK/OUACHITA-APPALACHIAN FORESTS
-81.1266667,40.34694444,3127989,906.5,OZARK/OUACHITA-APPALACHIAN FORESTS
-81.3208333,39.86388889,3140853,7536.9,OZARK/OUACHITA-APPALACHIAN FORESTS
-81.3286111,39.85277778,3140900,7329.7,OZARK/OUACHITA-APPALACHIAN FORESTS
-81.3194444,39.90138889,3140950,4403,OZARK/OUACHITA-APPALACHIAN FORESTS
-74.6973853,41.3706493,1434000,796684,OZARK/OUACHITA-APPALACHIAN FORESTS
-74.79527778,41.30916667,1438500,901320,OZARK/OUACHITA-APPALACHIAN FORESTS
-75.60046519,40.53120755,1451380,5516.7,OZARK/OUACHITA-APPALACHIAN FORESTS
-75.6014722,40.5340833,1451400,6138.3,OZARK/OUACHITA-APPALACHIAN FORESTS
-75.48296088,40.5823197,1451500,20927.2,OZARK/OUACHITA-APPALACHIAN FORESTS
-75.4968056,40.5875,1451630,3755.5,OZARK/OUACHITA-APPALACHIAN FORESTS
-75.4740717,40.59648637,1451650,25433.8,OZARK/OUACHITA-APPALACHIAN FORESTS
-75.626854,40.66176219,1451800,13727,OZARK/OUACHITA-APPALACHIAN FORESTS
-75.23628808,40.6692656,1454700,351981,OZARK/OUACHITA-APPALACHIAN FORESTS
-76.1246622,40.6292577,1468500,34447,OZARK/OUACHITA-APPALACHIAN FORESTS
-76.6191222,40.95814218,1540500,2905980,OZARK/OUACHITA-APPALACHIAN FORESTS
-78.108896,41.11755906,1542500,378658,OZARK/OUACHITA-APPALACHIAN FORESTS
-77.32414028,41.273683,1549700,244496,OZARK/OUACHITA-APPALACHIAN FORESTS
-77.1291484,40.47841677,1567000,868686,OZARK/OUACHITA-APPALACHIAN FORESTS
-76.8860846,40.25481164,1570500,6241900,OZARK/OUACHITA-APPALACHIAN FORESTS
-79.00836738,40.93923105,3034000,40922,OZARK/OUACHITA-APPALACHIAN FORESTS
-79.2911508,40.9275653,3036000,89096,OZARK/OUACHITA-APPALACHIAN FORESTS
-79.6675,40.6847222,3039040,2422686,OZARK/OUACHITA-APPALACHIAN FORESTS
-79.6686111,40.68555556,3039041,2419060,OZARK/OUACHITA-APPALACHIAN FORESTS
-79.3672609,40.46756718,3043810,350686,OZARK/OUACHITA-APPALACHIAN FORESTS
-79.3908724,40.4545117,3044000,351722,OZARK/OUACHITA-APPALACHIAN FORESTS
-79.8147714,40.5361788,3049640,3002328,OZARK/OUACHITA-APPALACHIAN FORESTS
-79.9706152,39.7592449,3072000,59311,OZARK/OUACHITA-APPALACHIAN FORESTS
-79.9228329,39.82507696,3072655,1149960,OZARK/OUACHITA-APPALACHIAN FORESTS
-80.072558,39.92313056,3073000,46620,OZARK/OUACHITA-APPALACHIAN FORESTS
-79.9011597,40.26229225,3075070,1383060,OZARK/OUACHITA-APPALACHIAN FORESTS
-79.3686111,39.80138889,3077100,111629,OZARK/OUACHITA-APPALACHIAN FORESTS
-79.2288333,39.85991667,3079000,98938,OZARK/OUACHITA-APPALACHIAN FORESTS
-79.3725353,39.8275767,3081000,266511,OZARK/OUACHITA-APPALACHIAN FORESTS
-79.8066944,40.2402222,3083500,444185,OZARK/OUACHITA-APPALACHIAN FORESTS
-80.2422837,40.8170092,3106000,92204,OZARK/OUACHITA-APPALACHIAN FORESTS
-80.3833975,40.6489546,3108490,5623926,OZARK/OUACHITA-APPALACHIAN FORESTS
-79.9114471,39.72702308,394337079544201,704480,OZARK/OUACHITA-APPALACHIAN FORESTS
-83.0412794,36.56953558,3527620,328153,OZARK/OUACHITA-APPALACHIAN FORESTS
-78.6427935,38.69345016,1632900,24242.4,OZARK/OUACHITA-APPALACHIAN FORESTS
-78.0686306,39.19259167,1616100,2849,OZARK/OUACHITA-APPALACHIAN FORESTS
-79.15213889,38.20227778,1622459,23206.4,OZARK/OUACHITA-APPALACHIAN FORESTS
-79.1341944,38.2085833,1622464,23672.6,OZARK/OUACHITA-APPALACHIAN FORESTS
-79.2393611,38.29275,162246747,574.98,OZARK/OUACHITA-APPALACHIAN FORESTS
-79.2374722,38.28538889,162246784,893.55,OZARK/OUACHITA-APPALACHIAN FORESTS
-78.9873056,37.9218611,162588350,914.27,OZARK/OUACHITA-APPALACHIAN FORESTS
-78.9853333,37.9250833,162588440,1204.35,OZARK/OUACHITA-APPALACHIAN FORESTS
-78.0037528,39.067025,1636316,5542.6,OZARK/OUACHITA-APPALACHIAN FORESTS
-79.7805278,38.3006111,201144558,663.04,OZARK/OUACHITA-APPALACHIAN FORESTS
-79.7726944,38.2995,201144806,1370.11,OZARK/OUACHITA-APPALACHIAN FORESTS
-79.5964444,38.15541667,2015729,51023,OZARK/OUACHITA-APPALACHIAN FORESTS
-79.6073611,38.12294444,2015742,53613,OZARK/OUACHITA-APPALACHIAN FORESTS
-79.33538889,38.2759722,2020246,4351.2,OZARK/OUACHITA-APPALACHIAN FORESTS
-79.3348056,38.24416667,2020258,5516.7,OZARK/OUACHITA-APPALACHIAN FORESTS
-78.9154444,37.8905833,202848919,655.27,OZARK/OUACHITA-APPALACHIAN FORESTS
-80.1519167,37.1870833,205373035,103.6,OZARK/OUACHITA-APPALACHIAN FORESTS
-80.1440833,37.1913611,205373075,178.71,OZARK/OUACHITA-APPALACHIAN FORESTS
-80.1350833,37.1731111,205373228,538.72,OZARK/OUACHITA-APPALACHIAN FORESTS
-80.1413611,37.16475,205373422,890.96,OZARK/OUACHITA-APPALACHIAN FORESTS
-80.19975,37.23430556,205450393,66304,OZARK/OUACHITA-APPALACHIAN FORESTS
-80.1967778,37.2337222,205450495,66563,OZARK/OUACHITA-APPALACHIAN FORESTS
-80.105041,37.27818976,2054550,76664,OZARK/OUACHITA-APPALACHIAN FORESTS
-80.00788889,37.27155556,2054750,91168,OZARK/OUACHITA-APPALACHIAN FORESTS
-79.9800384,37.27485876,205491522,96089,OZARK/OUACHITA-APPALACHIAN FORESTS
-79.9672602,37.2676369,205492550,96866,OZARK/OUACHITA-APPALACHIAN FORESTS
-79.9433333,37.25277778,205494935,99456,OZARK/OUACHITA-APPALACHIAN FORESTS
-79.9255,37.25280556,2055010,99715,OZARK/OUACHITA-APPALACHIAN FORESTS
-79.9154444,37.26419444,2055080,101010,OZARK/OUACHITA-APPALACHIAN FORESTS
-79.9324444,37.31405556,2055379,16213.4,OZARK/OUACHITA-APPALACHIAN FORESTS
-79.9375556,37.27794444,205551460,1313.13,OZARK/OUACHITA-APPALACHIAN FORESTS
-79.9093611,37.27788889,205551614,20202,OZARK/OUACHITA-APPALACHIAN FORESTS
-80.50888889,37.3132222,317154954,16886.8,OZARK/OUACHITA-APPALACHIAN FORESTS
-80.5169444,37.311,317155123,17145.8,OZARK/OUACHITA-APPALACHIAN FORESTS
-80.6195556,37.34316667,3171597,5102.3,OZARK/OUACHITA-APPALACHIAN FORESTS
-80.6245556,37.33955556,317159760,5231.8,OZARK/OUACHITA-APPALACHIAN FORESTS
-81.740669,37.09650306,3520967,8288,OZARK/OUACHITA-APPALACHIAN FORESTS
-81.74094679,37.09511418,3520968,8288,OZARK/OUACHITA-APPALACHIAN FORESTS
-81.7367801,37.09316977,3520980,227.92,OZARK/OUACHITA-APPALACHIAN FORESTS
-81.7384468,37.0923364,3520981,235.69,OZARK/OUACHITA-APPALACHIAN FORESTS
-82.1548569,36.9448295,3524000,138047,OZARK/OUACHITA-APPALACHIAN FORESTS
-82.4562619,36.92926938,3524500,22584.8,OZARK/OUACHITA-APPALACHIAN FORESTS
-82.4619444,36.83138889,3524740,212380,OZARK/OUACHITA-APPALACHIAN FORESTS
-79.1108056,39.4451111,1595800,68894,OZARK/OUACHITA-APPALACHIAN FORESTS
-78.6541817,39.44703879,1608500,378399,OZARK/OUACHITA-APPALACHIAN FORESTS
-78.3097312,39.5823158,1611500,174825,OZARK/OUACHITA-APPALACHIAN FORESTS
-80.1325789,39.4350866,3057000,354053,OZARK/OUACHITA-APPALACHIAN FORESTS
-80.4733611,39.00452778,3058000,26159,OZARK/OUACHITA-APPALACHIAN FORESTS
-80.2759187,39.42230818,3061000,196581,OZARK/OUACHITA-APPALACHIAN FORESTS
-79.4683852,39.1270524,3066000,22299.9,OZARK/OUACHITA-APPALACHIAN FORESTS
-79.8697849,38.6170576,3067510,15565.9,OZARK/OUACHITA-APPALACHIAN FORESTS
-81.0103678,37.54400779,3179000,102305,OZARK/OUACHITA-APPALACHIAN FORESTS
-80.641468,37.7242874,3183500,343952,OZARK/OUACHITA-APPALACHIAN FORESTS
-81.07648838,37.95511285,3185400,1748768,OZARK/OUACHITA-APPALACHIAN FORESTS
-81.1531556,38.2267611,3191982,340326,OZARK/OUACHITA-APPALACHIAN FORESTS
-81.841518,38.33898309,3200500,222222,OZARK/OUACHITA-APPALACHIAN FORESTS
-82.4087578,37.83731869,3214500,330743,OZARK/OUACHITA-APPALACHIAN FORESTS
-90.7903915,35.4736935,7047932,47397,MISSISSIPPI ALLUVIAL AND SOUTHEAST USA COASTAL PLAINS
-90.8780556,35.1447222,7047942,138565,MISSISSIPPI ALLUVIAL AND SOUTHEAST USA COASTAL PLAINS
-90.9330556,35.8575,7077380,181559,MISSISSIPPI ALLUVIAL AND SOUTHEAST USA COASTAL PLAINS
-91.2363889,35.2697222,7077500,269360,MISSISSIPPI ALLUVIAL AND SOUTHEAST USA COASTAL PLAINS
-91.9158333,34.73666667,7264000,53613,MISSISSIPPI ALLUVIAL AND SOUTHEAST USA COASTAL PLAINS
-91.7662462,34.77898018,7264200,39109,MISSISSIPPI ALLUVIAL AND SOUTHEAST USA COASTAL PLAINS
-91.61624,34.45426349,7264500,148666,MISSISSIPPI ALLUVIAL AND SOUTHEAST USA COASTAL PLAINS
-91.6924472,33.963125,7364130,25692.8,MISSISSIPPI ALLUVIAL AND SOUTHEAST USA COASTAL PLAINS
-91.6561111,33.86638889,7364133,98420,MISSISSIPPI ALLUVIAL AND SOUTHEAST USA COASTAL PLAINS
-80.6294983,28.07946057,2249500,3263.4,MISSISSIPPI ALLUVIAL AND SOUTHEAST USA COASTAL PLAINS
-80.59588719,28.01724054,2250030,27195,MISSISSIPPI ALLUVIAL AND SOUTHEAST USA COASTAL PLAINS
-82.7859573,29.95273288,2322700,55167,MISSISSIPPI ALLUVIAL AND SOUTHEAST USA COASTAL PLAINS
-82.8604033,29.91162076,2322800,355866,MISSISSIPPI ALLUVIAL AND SOUTHEAST USA COASTAL PLAINS
-81.5898179,30.5507931,2231291,73815,MISSISSIPPI ALLUVIAL AND SOUTHEAST USA COASTAL PLAINS
-80.8725578,28.36972837,2232400,344729,MISSISSIPPI ALLUVIAL AND SOUTHEAST USA COASTAL PLAINS
-81.0353374,28.7141611,2234000,529137,MISSISSIPPI ALLUVIAL AND SOUTHEAST USA COASTAL PLAINS
-81.3242323,28.83804694,2234500,668738,MISSISSIPPI ALLUVIAL AND SOUTHEAST USA COASTAL PLAINS
-81.3825651,29.00831827,2236000,794094,MISSISSIPPI ALLUVIAL AND SOUTHEAST USA COASTAL PLAINS
-81.5220157,29.16692445,2236125,862470,MISSISSIPPI ALLUVIAL AND SOUTHEAST USA COASTAL PLAINS
-81.683138,29.5963582,2244040,1704220,MISSISSIPPI ALLUVIAL AND SOUTHEAST USA COASTAL PLAINS
-81.4843667,29.72338056,2245260,15669.5,MISSISSIPPI ALLUVIAL AND SOUTHEAST USA COASTAL PLAINS
-81.7403761,30.28218375,2246459,5905.2,MISSISSIPPI ALLUVIAL AND SOUTHEAST USA COASTAL PLAINS
-81.6653735,30.3224616,2246500,2292150,MISSISSIPPI ALLUVIAL AND SOUTHEAST USA COASTAL PLAINS
-81.5195173,28.39056323,2264000,7588.7,MISSISSIPPI ALLUVIAL AND SOUTHEAST USA COASTAL PLAINS
-81.515,28.37444444,2264051,178.71,MISSISSIPPI ALLUVIAL AND SOUTHEAST USA COASTAL PLAINS
-81.5206284,28.32528785,2264100,11577.3,MISSISSIPPI ALLUVIAL AND SOUTHEAST USA COASTAL PLAINS
-81.6164632,28.38500749,2266200,3211.6,MISSISSIPPI ALLUVIAL AND SOUTHEAST USA COASTAL PLAINS
-81.6052778,28.42694444,2266291,5076.4,MISSISSIPPI ALLUVIAL AND SOUTHEAST USA COASTAL PLAINS
-81.579796,28.33278738,2266300,21911.4,MISSISSIPPI ALLUVIAL AND SOUTHEAST USA COASTAL PLAINS
-81.5439622,28.27584517,2266495,45066,MISSISSIPPI ALLUVIAL AND SOUTHEAST USA COASTAL PLAINS
-81.8795282,27.16671794,2297100,34188,MISSISSIPPI ALLUVIAL AND SOUTHEAST USA COASTAL PLAINS
-82.00730919,27.07755529,2297350,461020,MISSISSIPPI ALLUVIAL AND SOUTHEAST USA COASTAL PLAINS
-81.9942538,26.98755887,2297460,484330,MISSISSIPPI ALLUVIAL AND SOUTHEAST USA COASTAL PLAINS
-81.8875,26.975,2297635,23335.9,MISSISSIPPI ALLUVIAL AND SOUTHEAST USA COASTAL PLAINS
-81.7861111,27.0511111,2298124,63196,MISSISSIPPI ALLUVIAL AND SOUTHEAST USA COASTAL PLAINS
-81.8947222,26.99027778,2298170,67340,MISSISSIPPI ALLUVIAL AND SOUTHEAST USA COASTAL PLAINS
-81.9356414,26.98478094,2298202,96607,MISSISSIPPI ALLUVIAL AND SOUTHEAST USA COASTAL PLAINS
-82.1264772,27.4094869,2298492,1566.95,MISSISSIPPI ALLUVIAL AND SOUTHEAST USA COASTAL PLAINS
-82.2930655,27.04519625,2299230,92722,MISSISSIPPI ALLUVIAL AND SOUTHEAST USA COASTAL PLAINS
-82.2125921,26.95811636,2299496,150220,MISSISSIPPI ALLUVIAL AND SOUTHEAST USA COASTAL PLAINS
-82.4300958,27.14394246,2299727,16653.7,MISSISSIPPI ALLUVIAL AND SOUTHEAST USA COASTAL PLAINS
-82.3670375,27.51364999,23000095,35483,MISSISSIPPI ALLUVIAL AND SOUTHEAST USA COASTAL PLAINS
-82.2112008,27.872248,2301500,86765,MISSISSIPPI ALLUVIAL AND SOUTHEAST USA COASTAL PLAINS
-82.2737021,27.85891477,2301638,97384,MISSISSIPPI ALLUVIAL AND SOUTHEAST USA COASTAL PLAINS
-82.3264528,27.86934167,2301718,107226,MISSISSIPPI ALLUVIAL AND SOUTHEAST USA COASTAL PLAINS
-82.3575926,27.85696987,2301719,108521,MISSISSIPPI ALLUVIAL AND SOUTHEAST USA COASTAL PLAINS
-82.3842598,27.85974739,2301721,108262,MISSISSIPPI ALLUVIAL AND SOUTHEAST USA COASTAL PLAINS
-82.3637032,28.05446224,2304000,163170,MISSISSIPPI ALLUVIAL AND SOUTHEAST USA COASTAL PLAINS
-82.4345385,28.02113015,2304510,161875,MISSISSIPPI ALLUVIAL AND SOUTHEAST USA COASTAL PLAINS
-82.4424056,28.0151611,2304517,162134,MISSISSIPPI ALLUVIAL AND SOUTHEAST USA COASTAL PLAINS
-82.451761,28.0197412,2304520,164724,MISSISSIPPI ALLUVIAL AND SOUTHEAST USA COASTAL PLAINS
-82.4548166,28.0202967,23060013,164983,MISSISSIPPI ALLUVIAL AND SOUTHEAST USA COASTAL PLAINS
-82.4587057,27.94196627,2306028,179746,MISSISSIPPI ALLUVIAL AND SOUTHEAST USA COASTAL PLAINS
-82.7226006,28.2502877,2310308,50505,MISSISSIPPI ALLUVIAL AND SOUTHEAST USA COASTAL PLAINS
-82.6247222,28.70263889,2310673,30562,MISSISSIPPI ALLUVIAL AND SOUTHEAST USA COASTAL PLAINS
-82.6055556,28.8933611,2310742,11914,MISSISSIPPI ALLUVIAL AND SOUTHEAST USA COASTAL PLAINS
-82.769001,29.20413378,2313700,124320,MISSISSIPPI ALLUVIAL AND SOUTHEAST USA COASTAL PLAINS
-82.4262246,29.9219073,2321500,148925,MISSISSIPPI ALLUVIAL AND SOUTHEAST USA COASTAL PLAINS
-82.7151204,29.84884769,2322500,263403,MISSISSIPPI ALLUVIAL AND SOUTHEAST USA COASTAL PLAINS
-82.924293,29.79134359,2323000,2432010,MISSISSIPPI ALLUVIAL AND SOUTHEAST USA COASTAL PLAINS
-83.086515,29.33940554,2323592,2583007,MISSISSIPPI ALLUVIAL AND SOUTHEAST USA COASTAL PLAINS
-83.37735989,29.6682821,2324170,150738,MISSISSIPPI ALLUVIAL AND SOUTHEAST USA COASTAL PLAINS
-84.3987914,30.3152004,2326993,7640.5,MISSISSIPPI ALLUVIAL AND SOUTHEAST USA COASTAL PLAINS
-84.40823469,30.18825753,2327033,18233.6,MISSISSIPPI ALLUVIAL AND SOUTHEAST USA COASTAL PLAINS
-85.0154686,29.94937094,2359170,4972800,MISSISSIPPI ALLUVIAL AND SOUTHEAST USA COASTAL PLAINS
-91.1915556,30.44566667,7374000,291584790,MISSISSIPPI ALLUVIAL AND SOUTHEAST USA COASTAL PLAINS
-90.9058333,32.315,7289000,296425500,MISSISSIPPI ALLUVIAL AND SOUTHEAST USA COASTAL PLAINS
-88.6084444,30.38269444,2480285,2459723,MISSISSIPPI ALLUVIAL AND SOUTHEAST USA COASTAL PLAINS
-90.5431441,33.5473397,7288500,198653,MISSISSIPPI ALLUVIAL AND SOUTHEAST USA COASTAL PLAINS
-90.8919444,33.4011111,728875070,20720,MISSISSIPPI ALLUVIAL AND SOUTHEAST USA COASTAL PLAINS
-77.21527778,36.0136111,2081022,2281790,MISSISSIPPI ALLUVIAL AND SOUTHEAST USA COASTAL PLAINS
-76.89277778,35.81305556,2081094,2395750,MISSISSIPPI ALLUVIAL AND SOUTHEAST USA COASTAL PLAINS
-76.72277778,35.915,208114150,2501940,MISSISSIPPI ALLUVIAL AND SOUTHEAST USA COASTAL PLAINS
-78.71973988,33.953505,2110400,12147.1,MISSISSIPPI ALLUVIAL AND SOUTHEAST USA COASTAL PLAINS
-78.7150175,33.9126719,2110500,287490,MISSISSIPPI ALLUVIAL AND SOUTHEAST USA COASTAL PLAINS
-79.0411471,33.86100349,2110701,4895.1,MISSISSIPPI ALLUVIAL AND SOUTHEAST USA COASTAL PLAINS
-79.0436473,33.8329481,2110704,372960,MISSISSIPPI ALLUVIAL AND SOUTHEAST USA COASTAL PLAINS
-79.2469897,34.05710829,2135000,722610,MISSISSIPPI ALLUVIAL AND SOUTHEAST USA COASTAL PLAINS
-80.14147189,33.45433217,2171500,3807300,MISSISSIPPI ALLUVIAL AND SOUTHEAST USA COASTAL PLAINS
-79.915,33.4275,2171645,3833200,MISSISSIPPI ALLUVIAL AND SOUTHEAST USA COASTAL PLAINS
-75.72788889,39.63738889,1478000,5309.5,MISSISSIPPI ALLUVIAL AND SOUTHEAST USA COASTAL PLAINS
-75.67502778,39.6992222,1479000,23076.9,MISSISSIPPI ALLUVIAL AND SOUTHEAST USA COASTAL PLAINS
-75.7094722,39.4309722,1483155,448.07,MISSISSIPPI ALLUVIAL AND SOUTHEAST USA COASTAL PLAINS
-75.5190833,39.1637222,1483700,8262.1,MISSISSIPPI ALLUVIAL AND SOUTHEAST USA COASTAL PLAINS
-75.51275,38.90577778,1484100,782.18,MISSISSIPPI ALLUVIAL AND SOUTHEAST USA COASTAL PLAINS
-75.29102778,38.59455556,1484525,15980.3,MISSISSIPPI ALLUVIAL AND SOUTHEAST USA COASTAL PLAINS
-75.63488889,38.6914722,1487150,769.23,MISSISSIPPI ALLUVIAL AND SOUTHEAST USA COASTAL PLAINS
-75.94013889,39.25705556,1493112,1585.08,MISSISSIPPI ALLUVIAL AND SOUTHEAST USA COASTAL PLAINS
-74.2233333,39.98638889,1408500,31857,MISSISSIPPI ALLUVIAL AND SOUTHEAST USA COASTAL PLAINS
-74.7780556,40.22166667,1463500,1756020,MISSISSIPPI ALLUVIAL AND SOUTHEAST USA COASTAL PLAINS
-74.1547222,40.16138889,1408000,11396,MISSISSIPPI ALLUVIAL AND SOUTHEAST USA COASTAL PLAINS
-74.1222222,40.14666667,1408029,16394.7,MISSISSIPPI ALLUVIAL AND SOUTHEAST USA COASTAL PLAINS
-74.5361111,40.0361111,1464290,6086.5,MISSISSIPPI ALLUVIAL AND SOUTHEAST USA COASTAL PLAINS
-74.6,40.1372222,1464500,21108.5,MISSISSIPPI ALLUVIAL AND SOUTHEAST USA COASTAL PLAINS
-74.7630556,39.94,1465850,16705.5,MISSISSIPPI ALLUVIAL AND SOUTHEAST USA COASTAL PLAINS
-74.84175,39.8677222,146587310,3859.1,MISSISSIPPI ALLUVIAL AND SOUTHEAST USA COASTAL PLAINS
-74.8236111,39.89527778,1465880,12224.8,MISSISSIPPI ALLUVIAL AND SOUTHEAST USA COASTAL PLAINS
-74.50527778,39.885,1466500,608.65,MISSISSIPPI ALLUVIAL AND SOUTHEAST USA COASTAL PLAINS
-74.62777778,39.9561111,1466900,20176.1,MISSISSIPPI ALLUVIAL AND SOUTHEAST USA COASTAL PLAINS
-74.6844444,39.97,1467000,30562,MISSISSIPPI ALLUVIAL AND SOUTHEAST USA COASTAL PLAINS
-74.78138889,39.99305556,1467005,36260,MISSISSIPPI ALLUVIAL AND SOUTHEAST USA COASTAL PLAINS
-75.0011111,39.94166667,1467081,2325.82,MISSISSIPPI ALLUVIAL AND SOUTHEAST USA COASTAL PLAINS
-75.02138889,39.90305556,1467150,4403,MISSISSIPPI ALLUVIAL AND SOUTHEAST USA COASTAL PLAINS
-75.1844444,39.6861111,1477070,1095.57,MISSISSIPPI ALLUVIAL AND SOUTHEAST USA COASTAL PLAINS
-75.2591667,39.74055556,1477120,6967.1,MISSISSIPPI ALLUVIAL AND SOUTHEAST USA COASTAL PLAINS
-75.3311111,39.64805556,1482504,4325.3,MISSISSIPPI ALLUVIAL AND SOUTHEAST USA COASTAL PLAINS
-75.4091667,39.66055556,1482537,9298.1,MISSISSIPPI ALLUVIAL AND SOUTHEAST USA COASTAL PLAINS
-75.1373987,39.95400165,1467200,2070187,MISSISSIPPI ALLUVIAL AND SOUTHEAST USA COASTAL PLAINS
-75.36630199,39.83677934,1477050,2667700,MISSISSIPPI ALLUVIAL AND SOUTHEAST USA COASTAL PLAINS
-74.9851694,40.05705567,1465798,5542.6,MISSISSIPPI ALLUVIAL AND SOUTHEAST USA COASTAL PLAINS
-74.9936111,40.0385,14670261,2020200,MISSISSIPPI ALLUVIAL AND SOUTHEAST USA COASTAL PLAINS
-75.0968411,40.0159454,1467087,7873.6,MISSISSIPPI ALLUVIAL AND SOUTHEAST USA COASTAL PLAINS
-75.20268029,39.8792798,1474703,2582489,MISSISSIPPI ALLUVIAL AND SOUTHEAST USA COASTAL PLAINS
-75.25527778,39.8986111,1475553,16213.4,MISSISSIPPI ALLUVIAL AND SOUTHEAST USA COASTAL PLAINS
-73.2242222,40.84991667,1304000,6993,MISSISSIPPI ALLUVIAL AND SOUTHEAST USA COASTAL PLAINS
-91.1245556,42.4703333,5418110,31598,TEMPERATE PRAIRIES
-90.7293333,42.1643333,5418400,130795,TEMPERATE PRAIRIES
-93.1520556,42.3150833,5451210,58016,TEMPERATE PRAIRIES
-91.61572419,41.60640518,5455100,52059,TEMPERATE PRAIRIES
-91.7851803,42.06916346,5464420,1642578,TEMPERATE PRAIRIES
-91.7595985,41.98941597,5464475,4325.3,TEMPERATE PRAIRIES
-91.6671239,41.97194549,5464500,1686090,TEMPERATE PRAIRIES
-94.1413056,42.41088889,5480603,7252,TEMPERATE PRAIRIES
-93.7668056,42.49325,5480986,2025.38,TEMPERATE PRAIRIES
-93.8057762,42.43247506,5481000,218596,TEMPERATE PRAIRIES
-93.6210513,41.61248906,5482000,1617455,TEMPERATE PRAIRIES
-94.9903333,42.35475,5482300,181300,TEMPERATE PRAIRIES
-94.3769127,41.98803907,5482500,419321,TEMPERATE PRAIRIES
-94.3710773,41.687209,5483600,113960,TEMPERATE PRAIRIES
-94.1513463,41.5894324,5484000,257446,TEMPERATE PRAIRIES
-93.9499503,41.5338779,5484500,891219,TEMPERATE PRAIRIES
-95.3435833,43.45869444,6603750,4325.3,TEMPERATE PRAIRIES
-95.2391667,43.21277778,6604440,135457,TEMPERATE PRAIRIES
-95.5802746,40.8730547,6808500,343434,TEMPERATE PRAIRIES
-95.0141944,40.74327778,6817000,197358,TEMPERATE PRAIRIES
-90.4043611,41.57488889,5422405,22895600,TEMPERATE PRAIRIES
-93.5894444,42.5436111,5451080,3108,TEMPERATE PRAIRIES
-91.959617,40.72780589,5490500,3635842,TEMPERATE PRAIRIES
-96.241688,42.0072101,6601200,81895800,TEMPERATE PRAIRIES
-95.8625,41.18916667,6610505,83615560,TEMPERATE PRAIRIES
-95.9760556,39.6095472,6889110,2400.93,TEMPERATE PRAIRIES
-94.9646893,38.9833375,6892350,15476804,TEMPERATE PRAIRIES
-94.8172222,39.02916667,6892513,15047.9,TEMPERATE PRAIRIES
-95.7163715,39.07194435,6888990,14681674,TEMPERATE PRAIRIES
-95.9505944,39.4631449,6889160,12768.7,TEMPERATE PRAIRIES
-94.9227778,38.97805556,6892495,15125.6,TEMPERATE PRAIRIES
-94.7894444,39.0461111,6892518,15536115,TEMPERATE PRAIRIES
-94.6122222,38.8422222,6893100,17042.2,TEMPERATE PRAIRIES
-94.6713469,38.9405621,6893300,6889.4,TEMPERATE PRAIRIES
-94.64,38.9061111,6893350,5309.5,TEMPERATE PRAIRIES
-94.6077778,38.9383333,6893390,16620.03,TEMPERATE PRAIRIES
-96.0002687,38.3680712,7182390,713027,TEMPERATE PRAIRIES
-95.735264,38.19446678,7182510,787878,TEMPERATE PRAIRIES
-95.4277596,37.92225778,7183000,964257,TEMPERATE PRAIRIES
-95.1099687,37.34005866,7183500,1270395,TEMPERATE PRAIRIES
-94.7186111,38.91277778,385446094430700,3677.8,TEMPERATE PRAIRIES
-94.6969444,38.9272222,385520094420000,4092.2,TEMPERATE PRAIRIES
-94.6341667,38.93555556,385608094380300,9479.4,TEMPERATE PRAIRIES
-92.9746369,43.63718529,5457000,103341,TEMPERATE PRAIRIES
-94.8568333,39.75325,6818000,110463500,TEMPERATE PRAIRIES
-93.2863889,40.45444444,6899900,30562,TEMPERATE PRAIRIES
-93.4362222,40.0266111,6900050,91945,TEMPERATE PRAIRIES
-93.2365278,39.89594444,6901500,142450,TEMPERATE PRAIRIES
-93.2736944,39.64002778,6902000,1781920,TEMPERATE PRAIRIES
-94.4722222,39.11194444,6893620,2460.5,TEMPERATE PRAIRIES
-94.3872778,39.0173611,6893820,25433.8,TEMPERATE PRAIRIES
-94.3633333,39.03777778,6893830,1331.26,TEMPERATE PRAIRIES
-94.3438385,39.02556175,6893890,8909.6,TEMPERATE PRAIRIES
-94.3435605,39.08833866,6893970,2175.6,TEMPERATE PRAIRIES
-94.3005038,39.1005609,6894000,47656,TEMPERATE PRAIRIES
-97.1725667,42.76527778,6478522,119140,TEMPERATE PRAIRIES
-96.2838889,41.2933333,6800500,1787100,TEMPERATE PRAIRIES
-96.3247222,41.0622222,6801000,21652400,TEMPERATE PRAIRIES
-96.3386111,41.05166667,6805000,424760,TEMPERATE PRAIRIES
-96.1575,41.01497778,6805500,22110830,TEMPERATE PRAIRIES
-95.846946,40.681946,6807000,106190000,TEMPERATE PRAIRIES
-96.7959154,46.65968548,5051522,1113700,TEMPERATE PRAIRIES
-96.7836924,46.861075,5054000,1761200,TEMPERATE PRAIRIES
-99.4155556,47.90777778,5055300,430199,TEMPERATE PRAIRIES
-99.2761111,47.82138889,5055400,444444,TEMPERATE PRAIRIES
-98.0275954,47.43277097,5057000,1675730,TEMPERATE PRAIRIES
-98.1248189,47.2291562,5057200,178969,TEMPERATE PRAIRIES
-98.0837077,47.0338718,5058000,1934730,TEMPERATE PRAIRIES
-96.9269444,46.74638889,5059300,2289560,TEMPERATE PRAIRIES
-96.843691,47.351918,5064500,5646200,TEMPERATE PRAIRIES
-97.0292435,47.9269234,5082500,7795900,TEMPERATE PRAIRIES
-101.9582209,48.9900156,5114000,2315460,TEMPERATE PRAIRIES
-101.3712745,48.2458428,5117500,2745400,TEMPERATE PRAIRIES
-100.9584889,48.9964079,5124000,4377100,TEMPERATE PRAIRIES
-99.8295278,47.64605556,6467600,29267,TEMPERATE PRAIRIES
-95.954162,36.27842534,7177500,234913,TEMPERATE PRAIRIES
-95.8194322,36.2231514,7178200,290857,TEMPERATE PRAIRIES
-98.199257,44.36359475,6476000,4104114,TEMPERATE PRAIRIES
-97.3697806,42.9958297,6478513,5429158,TEMPERATE PRAIRIES
-96.7456623,43.79044595,6481000,1017093,TEMPERATE PRAIRIES
-110.5542861,46.1671611,6192980,13960.1,WEST-CENTRAL SEMIARID PRAIRIES
-106.8359444,45.0091361,6306300,375809,WEST-CENTRAL SEMIARID PRAIRIES
-106.7713556,45.141275,6307500,461797,WEST-CENTRAL SEMIARID PRAIRIES
-106.5081667,45.29906389,6307600,120953,WEST-CENTRAL SEMIARID PRAIRIES
-106.4573528,45.41160556,6307616,681947,WEST-CENTRAL SEMIARID PRAIRIES
-106.2550556,45.58838889,6307740,183890,WEST-CENTRAL SEMIARID PRAIRIES
-106.2234333,45.8403861,6307830,1004661,WEST-CENTRAL SEMIARID PRAIRIES
-105.8455222,46.3845944,6308500,1399636,WEST-CENTRAL SEMIARID PRAIRIES
-105.8783778,45.0571972,6324500,2079511,WEST-CENTRAL SEMIARID PRAIRIES
-100.3622222,42.9022222,6461500,1851850,WEST-CENTRAL SEMIARID PRAIRIES
-98.2227778,42.7397222,6465500,2999220,WEST-CENTRAL SEMIARID PRAIRIES
-103.7940907,47.85085328,6329597,38591,WEST-CENTRAL SEMIARID PRAIRIES
-103.5729718,48.2844683,6331000,226625,WEST-CENTRAL SEMIARID PRAIRIES
-103.5303444,46.9180722,6336000,1603210,WEST-CENTRAL SEMIARID PRAIRIES
-101.8018145,46.5972286,6346500,442890,WEST-CENTRAL SEMIARID PRAIRIES
-101.2136111,46.7033333,6348300,758870,WEST-CENTRAL SEMIARID PRAIRIES
-100.9745789,46.8338827,6349000,857290,WEST-CENTRAL SEMIARID PRAIRIES
-103.1011111,44.02680556,6418800,116392.01,WEST-CENTRAL SEMIARID PRAIRIES
-103.366697,44.65265259,6436760,119140,WEST-CENTRAL SEMIARID PRAIRIES
-107.020905,44.9002493,6299980,123802,WEST-CENTRAL SEMIARID PRAIRIES
-106.8397892,44.98386286,6306250,92722,WEST-CENTRAL SEMIARID PRAIRIES
-106.3061944,43.6970861,6313500,800310,WEST-CENTRAL SEMIARID PRAIRIES
-106.1778075,44.4910905,6316400,242683,WEST-CENTRAL SEMIARID PRAIRIES
-106.0828016,44.8716522,6324000,287490,WEST-CENTRAL SEMIARID PRAIRIES
-96.1549028,30.359175,8110200,10668728,SOUTH CENTRAL SEMIARID PRAIRIES
-105.004149,39.66498738,6711565,878269,SOUTH CENTRAL SEMIARID PRAIRIES
-105.2572128,38.43388674,7096000,807303,SOUTH CENTRAL SEMIARID PRAIRIES
-105.0160961,38.38833418,7097000,1042216,SOUTH CENTRAL SEMIARID PRAIRIES
-104.718033,38.2716694,7099400,1209530,SOUTH CENTRAL SEMIARID PRAIRIES
-104.6060854,38.25361396,7099969,1237502,SOUTH CENTRAL SEMIARID PRAIRIES
-104.6060854,38.25361396,7099970,1222480,SOUTH CENTRAL SEMIARID PRAIRIES
-104.6702503,38.6016647,7106000,174048,SOUTH CENTRAL SEMIARID PRAIRIES
-104.6010849,38.2877801,7106500,239575,SOUTH CENTRAL SEMIARID PRAIRIES
-104.3991356,38.24805799,7109500,1619786,SOUTH CENTRAL SEMIARID PRAIRIES
-103.9119006,38.12583934,7119700,2823359,SOUTH CENTRAL SEMIARID PRAIRIES
-103.6860593,38.06528559,7120500,2872310,SOUTH CENTRAL SEMIARID PRAIRIES
-103.2196523,38.0808399,7124000,3689455,SOUTH CENTRAL SEMIARID PRAIRIES
-103.9002383,37.3564059,7126300,495726,SOUTH CENTRAL SEMIARID PRAIRIES
-103.593557,37.6183474,7126485,714322,SOUTH CENTRAL SEMIARID PRAIRIES
-102.9324228,38.06639635,7130500,4789946,SOUTH CENTRAL SEMIARID PRAIRIES
-97.5405417,38.02853056,7143672,196581,SOUTH CENTRAL SEMIARID PRAIRIES
-97.4244864,37.88306739,7144100,320901,SOUTH CENTRAL SEMIARID PRAIRIES
-98.0137806,37.8621972,7144780,184667,SOUTH CENTRAL SEMIARID PRAIRIES
-97.1275203,39.3555515,6856600,6356378,SOUTH CENTRAL SEMIARID PRAIRIES
-96.5713918,39.2372186,6887000,2496760,SOUTH CENTRAL SEMIARID PRAIRIES
-96.3055532,39.19833014,6887500,14317520,SOUTH CENTRAL SEMIARID PRAIRIES
-102.0115706,38.0275129,7137500,6581190,SOUTH CENTRAL SEMIARID PRAIRIES
-96.1583287,38.42862475,7179750,196063,SOUTH CENTRAL SEMIARID PRAIRIES
-96.356112,38.3975139,7182250,450660,SOUTH CENTRAL SEMIARID PRAIRIES
-103.7922222,42.4236111,6454100,241906,SOUTH CENTRAL SEMIARID PRAIRIES
-98.7405556,41.0325,6784000,600880,SOUTH CENTRAL SEMIARID PRAIRIES
-97.8003332,36.3761449,7160350,18130,SOUTH CENTRAL SEMIARID PRAIRIES
-98.0653316,35.6169933,7239450,3428901,SOUTH CENTRAL SEMIARID PRAIRIES
-97.9575498,35.56310656,7239500,3449103,SOUTH CENTRAL SEMIARID PRAIRIES
-97.7425442,35.5394985,7239700,3485104,SOUTH CENTRAL SEMIARID PRAIRIES
-97.6633752,35.47866848,7241000,3494687,SOUTH CENTRAL SEMIARID PRAIRIES
-97.367258,35.5656147,7241520,3545192,SOUTH CENTRAL SEMIARID PRAIRIES
-97.1939194,35.5003412,7241550,3567725,SOUTH CENTRAL SEMIARID PRAIRIES
-99.5073128,35.16810838,7301500,686868,SOUTH CENTRAL SEMIARID PRAIRIES
-99.9037143,35.01172,7303400,113442,SOUTH CENTRAL SEMIARID PRAIRIES
-99.103691,34.6381266,7305000,1181040,SOUTH CENTRAL SEMIARID PRAIRIES
-96.9758447,34.23342725,7331000,1857548,SOUTH CENTRAL SEMIARID PRAIRIES
-99.7047756,29.48856496,8195000,100751,SOUTH CENTRAL SEMIARID PRAIRIES
-101.879628,35.4703261,7227500,5036255,SOUTH CENTRAL SEMIARID PRAIRIES
-100.2089951,33.62203029,7311782,57757,SOUTH CENTRAL SEMIARID PRAIRIES
-100.2089951,33.62203029,7311782,57757,SOUTH CENTRAL SEMIARID PRAIRIES
-100.2089951,33.62203029,7311782,57757,SOUTH CENTRAL SEMIARID PRAIRIES
-100.2089951,33.62203029,7311782,57757,SOUTH CENTRAL SEMIARID PRAIRIES
-99.8009252,33.644257,7311800,151256,SOUTH CENTRAL SEMIARID PRAIRIES
-98.5336663,33.90954178,7312500,813260,SOUTH CENTRAL SEMIARID PRAIRIES
-96.1557444,33.57579444,7332605,37296,SOUTH CENTRAL SEMIARID PRAIRIES
-97.3325167,32.76096337,8048000,677285,SOUTH CENTRAL SEMIARID PRAIRIES
-96.9944444,32.7625,8049500,793835,SOUTH CENTRAL SEMIARID PRAIRIES
-96.8927805,33.28344977,8052700,19554.5,SOUTH CENTRAL SEMIARID PRAIRIES
-96.8919475,33.2192846,8052745,9971.5,SOUTH CENTRAL SEMIARID PRAIRIES
-96.8219464,32.7748517,8057000,1581454,SOUTH CENTRAL SEMIARID PRAIRIES
-96.7825528,32.7521361,8057055,1588188,SOUTH CENTRAL SEMIARID PRAIRIES
-96.7358319,32.70763139,8057410,1626002,SOUTH CENTRAL SEMIARID PRAIRIES
-99.1406299,32.73289717,8086212,158767,SOUTH CENTRAL SEMIARID PRAIRIES
-99.0045146,32.64845613,8086290,72520,SOUTH CENTRAL SEMIARID PRAIRIES
-100.762052,32.05374399,8123850,3861690,SOUTH CENTRAL SEMIARID PRAIRIES
-100.0264755,31.71542973,8126380,4236722,SOUTH CENTRAL SEMIARID PRAIRIES
-97.9525,30.00555556,8171290,101269,SOUTH CENTRAL SEMIARID PRAIRIES
-98.5814074,29.26218286,8180800,250453,SOUTH CENTRAL SEMIARID PRAIRIES
-98.5487944,29.24685278,8180850,270396,SOUTH CENTRAL SEMIARID PRAIRIES
-98.4908493,29.2641276,8181500,341103,SOUTH CENTRAL SEMIARID PRAIRIES
-101.1453849,29.96353604,8449000,716394,SOUTH CENTRAL SEMIARID PRAIRIES
-104.5382908,42.20052277,6670500,1182076,SOUTH CENTRAL SEMIARID PRAIRIES
-95.7577275,29.5824589,8114000,11682713,TEXAS-LOUISIANA COASTAL PLAIN
-95.5824448,29.3496858,8116650,11742801,TEXAS-LOUISIANA COASTAL PLAIN
-97.7758308,27.93779594,8211200,4302249,TEXAS-LOUISIANA COASTAL PLAIN
-97.6288843,27.8952986,8211502,4329962,TEXAS-LOUISIANA COASTAL PLAIN
-97.5847222,26.23527778,8470500,122507,TEXAS-LOUISIANA COASTAL PLAIN
-99.0169745,26.40034048,8462500,43114176,TAMAULIPAS-TEXAS SEMIARID PLAIN
